_id,date_received,phonenumber,originating_country_code,origination,termination,dial_length,range_start,range_end,number_of_numbers,operator,number_type,identity_key,confidence_level,status
10689,"2022-06-24 00:00:00",25445,254,KE,GB,9,254450000000,254450009999,10000,,Geographic,0,1,1
10690,"2022-06-24 00:00:00",34697743745,34,ES,GB,9,34697743745,34697743745,1,"Vodafone Espaa S.A. Unipersonal",Mobile,0,1,1
10691,"2022-06-24 00:00:00",261345,261,MG,GB,9,261345000000,261345009999,10000,"Telma mobile",Mobile,0,1,1
10692,"2022-06-24 00:00:00",25443,254,KE,GB,9,254430000000,254430009999,10000,"Telkom Kenya",Geographic,0,1,1
10693,"2022-06-24 00:00:00",17787705690,1,US,GB,11,177877056900,177877056909,10,"Iristel Inc.",Unallocated,0,1,1
10694,"2022-06-24 00:00:00",9779721734,977,NP,GB,8,97797217340,97797217349,10,,Geographic,0,1,1
10695,"2022-06-24 00:00:00",261348,261,MG,GB,9,261348000000,261348009999,10000,"Telma mobile",Mobile,0,1,1
10696,"2022-06-24 00:00:00",34697744173,34,ES,GB,9,34697744173,34697744173,1,"Vodafone Espaa S.A. Unipersonal",Mobile,0,1,1
10697,"2022-06-24 00:00:00",34697747725,34,ES,GB,9,34697747725,34697747725,1,"Vodafone Espaa S.A. Unipersonal",Mobile,0,1,1
10698,"2022-06-24 00:00:00",261347,261,MG,GB,9,261347000000,261347009999,10000,"Telma mobile",Mobile,0,1,1
10699,"2022-06-24 00:00:00",20114,20,EG,GB,9,20114000000,20114009999,10000,"Telecom Egypt",Unallocated,0,1,1
10700,"2022-06-24 00:00:00",261349,261,MG,GB,9,261349000000,261349009999,10000,"Telma mobile",Mobile,0,1,1
10701,"2022-06-24 00:00:00",34697736834,34,ES,GB,9,34697736834,34697736834,1,"Vodafone Espaa S.A. Unipersonal",Mobile,0,1,1
10702,"2022-06-24 00:00:00",25442,254,KE,GB,9,254420000000,254420009999,10000,,Geographic,0,1,1
10703,"2022-06-24 00:00:00",20115,20,EG,GB,9,20115000000,20115009999,10000,"Telecom Egypt",Unallocated,0,1,1
10704,"2022-06-24 00:00:00",34697768989,34,ES,GB,9,34697768989,34697768989,1,"Vodafone Espaa S.A. Unipersonal",Mobile,0,1,1
10705,"2022-06-24 00:00:00",37069500333,370,LT,GB,8,37069500333,37069500333,1,Omnitel,Mobile,0,1,1
10706,"2022-06-24 00:00:00",261346,261,MG,GB,9,261346000000,261346009999,10000,"Telma mobile",Mobile,0,1,1
10707,"2022-06-24 00:00:00",20110,20,EG,GB,9,20110000000,20110009999,10000,"Telecom Egypt",Unallocated,0,1,1
10708,"2022-06-24 00:00:00",9779722522,977,NP,GB,8,97797225220,97797225229,10,,Geographic,0,1,1
10709,"2022-06-24 00:00:00",20112,20,EG,GB,9,20112000000,20112009999,10000,"Telecom Egypt",Unallocated,0,1,1
10710,"2022-06-24 00:00:00",27117,27,ZA,GB,9,27117000000,27117009999,10000,"Telkom SA",Geographic,0,1,1
10711,"2022-06-24 00:00:00",25450,254,KE,GB,9,254500000000,254500009999,10000,,Geographic,0,1,1
10712,"2022-06-24 00:00:00",27115,27,ZA,GB,9,27115000000,27115009999,10000,"Telkom SA",Geographic,0,1,1
10713,"2022-06-24 00:00:00",18707092661,1,US,GB,11,187070926610,187070926619,10,"ONVOY, LLC  AR",Unallocated,0,1,1
10714,"2022-06-24 00:00:00",25444,254,KE,GB,9,254440000000,254440009999,10000,,Geographic,0,1,1
10715,"2022-06-24 00:00:00",26663995,266,LS,GB,8,26663995000,26663995999,1000,"Econet Ezi-Cel Lesotho",Mobile,0,1,1
10716,"2022-06-24 00:00:00",59170,591,BO,GB,8,59170000000,59170009999,10000,COTEL,Mobile,0,1,1
10717,"2022-06-24 00:00:00",9779721223,977,NP,GB,8,97797212230,97797212239,10,,Geographic,0,1,1
10718,"2022-06-24 00:00:00",9955936561,995,GE,GB,9,995593656100,995593656199,100,"Geo Cell",Mobile,0,1,1
10719,"2022-06-24 00:00:00",261344,261,MG,GB,9,261344000000,261344009999,10000,"Telma mobile",Mobile,0,1,1
10720,"2022-06-24 00:00:00",34697762986,34,ES,GB,9,34697762986,34697762986,1,"Vodafone Espaa S.A. Unipersonal",Mobile,0,1,1
10721,"2022-06-24 00:00:00",34661108203,34,ES,GB,9,34661108203,34661108203,1,"Vodafone Espaa S.A. Unipersonal",Mobile,0,1,1
10722,"2022-06-24 00:00:00",27114,27,ZA,GB,9,27114000000,27114009999,10000,"Telkom SA",Geographic,0,1,1
10723,"2022-06-24 00:00:00",21378,213,DZ,GB,9,213780000000,213780009999,10000,Djezzy,Mobile,0,1,1
10724,"2022-06-24 00:00:00",492151368082,49,DE,GB,11,4921513680820,4921513680829,10,"Telekom Deutschland GmbH",Geographic,0,1,1
10725,"2022-06-24 00:00:00",20111,20,EG,GB,9,20111000000,20111009999,10000,"Telecom Egypt",Unallocated,0,1,1
10726,"2022-06-24 00:00:00",59179,591,BO,GB,8,59179000000,59179009999,10000,COTEL,Mobile,0,1,1
10727,"2022-06-24 00:00:00",261343,261,MG,GB,9,261343000000,261343009999,10000,"Telma mobile",Mobile,0,1,1
10728,"2022-06-24 00:00:00",27116,27,ZA,GB,9,27116000000,27116009999,10000,"Telkom SA",Geographic,0,1,1
10729,"2022-06-24 00:00:00",261341,261,MG,GB,9,261341000000,261341009999,10000,"Telma mobile",Mobile,0,1,1
10658,"2022-06-23 00:00:00",254444,254,KE,GB,9,254444000000,254444009999,10000,"Telkom Kenya",Geographic,0,1,1
10659,"2022-06-23 00:00:00",393364454856,39,IT,GB,10,393364454856,393364454856,1,"Telecom Italia S.p.A.",Mobile,0,1,1
10660,"2022-06-23 00:00:00",393388898895,39,IT,GB,10,393388898895,393388898895,1,"Telecom Italia S.p.A.",Mobile,0,1,1
10661,"2022-06-23 00:00:00",9779721275435,977,NP,GB,8,9779721275435,9779721275435,1,UTL,Mobile,0,1,1
10662,"2022-06-23 00:00:00",639017056,63,PH,GB,10,639017056000,639017056999,1000,"Globe Telecom/TM",Unallocated,0,1,1
10663,"2022-06-23 00:00:00",18292632276,1,US,GB,11,182926322760,182926322769,10,,Unallocated,0,1,1
10664,"2022-06-23 00:00:00",9779721223280,977,NP,GB,8,9779721223280,9779721223280,1,UTL,Mobile,0,1,1
10665,"2022-06-23 00:00:00",254502,254,KE,GB,9,254502000000,254502009999,10000,,Geographic,0,1,1
10666,"2022-06-23 00:00:00",34697702091,34,ES,GB,9,34697702091,34697702091,1,"Vodafone Espaa S.A. Unipersonal",Mobile,0,1,1
10667,"2022-06-23 00:00:00",2317477961,231,LR,GB,9,231747796100,231747796199,100,,Unallocated,0,1,1
10668,"2022-06-23 00:00:00",393368454948,39,IT,GB,10,393368454948,393368454948,1,"Telecom Italia S.p.A.",Mobile,0,1,1
10669,"2022-06-23 00:00:00",38970439,389,MK,GB,8,38970439000,38970439999,1000,T-Mobile,Mobile,0,1,1
10670,"2022-06-23 00:00:00",34697747457,34,ES,GB,9,34697747457,34697747457,1,"Vodafone Espaa S.A. Unipersonal",Mobile,0,1,1
10671,"2022-06-23 00:00:00",34902110,34,ES,GB,9,34902110000,34902110999,1000,"Telefnica de Espaa S.A. Unipersonal","Shared Cost",0,1,1
10672,"2022-06-23 00:00:00",41742792,41,CH,GB,9,41742792000,41742792999,1000,"relario AG",Unallocated,0,1,1
10673,"2022-06-23 00:00:00",254552,254,KE,GB,9,254552000000,254552009999,10000,"Telkom Kenya",Geographic,0,1,1
10674,"2022-06-23 00:00:00",393378784663,39,IT,GB,10,393378784663,393378784663,1,"Telecom Italia S.p.A.",Mobile,0,1,1
10675,"2022-06-23 00:00:00",97797212763,977,NP,GB,8,97797212763,97797212763,1,,Geographic,0,1,1
10676,"2022-06-23 00:00:00",22890064,228,TG,GB,8,22890064000,22890064999,1000,"Togo Cllulaire",Mobile,0,1,1
10677,"2022-06-23 00:00:00",34697745648,34,ES,GB,9,34697745648,34697745648,1,"Vodafone Espaa S.A. Unipersonal",Mobile,0,1,1
10678,"2022-06-23 00:00:00",447752185431,44,GB,GB,10,447752185431,447752185431,1,"Telefonica UK Limited",Mobile,0,1,1
10679,"2022-06-23 00:00:00",639149986,63,PH,GB,10,639149986000,639149986999,1000,Globe,Mobile,0,1,1
10680,"2022-06-23 00:00:00",34697716452,34,ES,GB,9,34697716452,34697716452,1,"Vodafone Espaa S.A. Unipersonal",Mobile,0,1,1
10681,"2022-06-23 00:00:00",13037720422,1,US,GB,11,130377204220,130377204229,10,"QWEST CORPORATION",Unallocated,0,1,1
10682,"2022-06-23 00:00:00",9955554194,995,GE,GB,9,995555419400,995555419499,100,"Geo Cell",Mobile,0,1,1
10683,"2022-06-23 00:00:00",22892170,228,TG,GB,8,22892170000,22892170999,1000,"Togo Cllulaire",Mobile,0,1,1
10684,"2022-06-23 00:00:00",9779721276333,977,NP,GB,8,9779721276333,9779721276333,1,UTL,Mobile,0,1,1
10685,"2022-06-23 00:00:00",8821690571,882,NULL,GB,1,8821690571,8821690571,1,,VOIP,0,1,1
10686,"2022-06-23 00:00:00",9779721275166,977,NP,GB,8,9779721275166,9779721275166,1,UTL,Mobile,0,1,1
10687,"2022-06-23 00:00:00",393384249456,39,IT,GB,10,393384249456,393384249456,1,"Telecom Italia S.p.A.",Mobile,0,1,1
10688,"2022-06-23 00:00:00",639240731,63,PH,GB,10,639240731000,639240731999,1000,"Sun Cellular",Mobile,0,1,1
10495,"2022-06-22 00:00:00",50222856500,502,GT,TR,8,50222856500,50222856500,1,,Geographic,0,1,1
10496,"2022-06-22 00:00:00",243900804,243,CD,GB,9,243900804000,243900804999,1000,Africell,Mobile,0,1,1
10497,"2022-06-22 00:00:00",919459834326,91,IN,GB,12,91945983432600,91945983432699,100,"Vodafone East Limited",Unallocated,0,1,1
10498,"2022-06-22 00:00:00",4930235901067,49,DE,GB,11,4930235901067,4930235901067,1,"Ventelo GmbH",Geographic,0,1,1
10499,"2022-06-22 00:00:00",221721101,221,SN,TR,9,221721101000,221721101999,1000,CSU,Mobile,0,1,1
10500,"2022-06-22 00:00:00",254560,254,KE,GB,9,254560000000,254560009999,10000,,Geographic,0,1,1
10501,"2022-06-22 00:00:00",4921733286000,49,DE,GB,11,4921733286000,4921733286000,1,"NETCOLOGNE GmbH",Geographic,0,1,1
10502,"2022-06-22 00:00:00",8818345,881,NULL,TR,1,8818345,8818345,1,"Iridium Communications Inc",Unallocated,0,1,1
10503,"2022-06-22 00:00:00",8821653792,882,NULL,GB,1,8821653792,8821653792,1,,VOIP,0,1,1
10504,"2022-06-22 00:00:00",88216900,882,NULL,TR,1,88216900,88216900,1,"Maritime Communications Partner",Unallocated,0,1,1
10505,"2022-06-22 00:00:00",3706494,370,LT,TR,8,37064940000,37064949999,10000,BIT,Mobile,0,1,1
10506,"2022-06-22 00:00:00",99579044,995,GE,GB,9,995790440000,995790449999,10000,Magti,Mobile,0,1,1
10507,"2022-06-22 00:00:00",919469362800,91,IN,GB,12,91946936280000,91946936280099,100,"Vodafone East Limited",Unallocated,0,1,1
10508,"2022-06-22 00:00:00",99579011,995,GE,GB,9,995790110000,995790119999,10000,Magti,Mobile,0,1,1
10509,"2022-06-22 00:00:00",99579080,995,GE,GB,9,995790800000,995790809999,10000,Magti,Mobile,0,1,1
10510,"2022-06-22 00:00:00",15187215752,1,US,GB,11,151872157520,151872157529,10,"HD CARRIER, LLC",Unallocated,0,1,1
10511,"2022-06-22 00:00:00",22670211100,226,BF,TR,8,22670211100,22670211100,1,"Telemob (Onatel S.A.)",Mobile,0,1,1
10512,"2022-06-22 00:00:00",919427200192,91,IN,GB,12,91942720019200,91942720019299,100,"Vodafone East Limited",Unallocated,0,1,1
10513,"2022-06-22 00:00:00",26662322,266,LS,GB,8,26662322000,26662322999,1000,"Econet Ezi-Cel Lesotho",Mobile,0,1,1
10514,"2022-06-22 00:00:00",213770437,213,DZ,TR,9,213770437000,213770437999,1000,Djezzy,Mobile,0,1,1
10515,"2022-06-22 00:00:00",94715037012,94,LK,TR,10,947150370120,947150370129,10,"Sri Lanka Telecom Ltd",Unallocated,0,1,1
10516,"2022-06-22 00:00:00",99579081,995,GE,GB,9,995790810000,995790819999,10000,Magti,Mobile,0,1,1
10517,"2022-06-22 00:00:00",918275467661,91,IN,GB,12,91827546766100,91827546766199,100,"Vodafone East Limited",Unallocated,0,1,1
10518,"2022-06-22 00:00:00",24390035,243,CD,GB,9,243900350000,243900359999,10000,Africell,Mobile,0,1,1
10519,"2022-06-22 00:00:00",5012065155,501,BZ,GB,7,5012065155,5012065155,1,,Geographic,0,1,1
10520,"2022-06-22 00:00:00",98923,98,IR,GB,10,989230000000,989230009999,10000,Rightel,Mobile,0,1,1
10521,"2022-06-22 00:00:00",99579030,995,GE,GB,9,995790300000,995790309999,10000,Magti,Mobile,0,1,1
10522,"2022-06-22 00:00:00",34902061320,34,ES,GB,9,34902061320,34902061320,1,"Orange Business Spain S.A.","Shared Cost",0,1,1
10523,"2022-06-22 00:00:00",59161308,591,BO,GB,8,59161308000,59161308999,1000,COTEL,Mobile,0,1,1
10524,"2022-06-22 00:00:00",995574681050,995,GE,GB,9,995574681050,995574681050,1,Mobitel,Mobile,0,1,1
10525,"2022-06-22 00:00:00",995574681040,995,GE,GB,9,995574681040,995574681040,1,Mobitel,Mobile,0,1,1
10526,"2022-06-22 00:00:00",34634315593,34,ES,GB,9,34634315593,34634315593,1,"Carrier-E Mobile S.L. Unipersonal",Mobile,0,1,1
10527,"2022-06-22 00:00:00",5012065414,501,BZ,GB,7,5012065414,5012065414,1,,Geographic,0,1,1
10528,"2022-06-22 00:00:00",254433,254,KE,GB,9,254433000000,254433009999,10000,"Telkom Kenya",Geographic,0,1,1
10529,"2022-06-22 00:00:00",243831483013,243,CD,GB,9,243831483013,243831483013,1,Vodacom,Mobile,0,1,1
10530,"2022-06-22 00:00:00",99579083,995,GE,GB,9,995790830000,995790839999,10000,Magti,Mobile,0,1,1
10531,"2022-06-22 00:00:00",995574681049,995,GE,GB,9,995574681049,995574681049,1,Mobitel,Mobile,0,1,1
10532,"2022-06-22 00:00:00",995574681041,995,GE,GB,9,995574681041,995574681041,1,Mobitel,Mobile,0,1,1
10533,"2022-06-22 00:00:00",911126144790,91,IN,GB,12,91112614479000,91112614479099,100,"Vodafone East Limited",Unallocated,0,1,1
10534,"2022-06-22 00:00:00",3706490,370,LT,TR,8,37064900000,37064909999,10000,BIT,Mobile,0,1,1
10535,"2022-06-22 00:00:00",213540288918,213,DZ,TR,9,213540288918,213540288918,1,Ooredoo,Mobile,0,1,1
10536,"2022-06-22 00:00:00",26662363,266,LS,GB,8,26662363000,26662363999,1000,"Econet Ezi-Cel Lesotho",Mobile,0,1,1
10537,"2022-06-22 00:00:00",18099692819,1,US,GB,11,180996928190,180996928199,10,,Unallocated,0,1,1
10538,"2022-06-22 00:00:00",4420334,44,GB,TR,10,442033400000,442033409999,10000,BT,Geographic,0,1,1
10539,"2022-06-22 00:00:00",25762746,257,BI,GB,8,25762746000,25762746999,1000,Viettel,Mobile,0,1,1
10540,"2022-06-22 00:00:00",995574681047,995,GE,GB,9,995574681047,995574681047,1,Mobitel,Mobile,0,1,1
10541,"2022-06-22 00:00:00",21641092,216,TN,TR,8,21641092000,21641092999,1000,"Tunisie Tlcom",Mobile,0,1,1
10542,"2022-06-22 00:00:00",919484017669,91,IN,GB,12,91948401766900,91948401766999,100,"Vodafone East Limited",Unallocated,0,1,1
10543,"2022-06-22 00:00:00",919469572911,91,IN,GB,12,91946957291100,91946957291199,100,"Vodafone East Limited",Unallocated,0,1,1
10544,"2022-06-22 00:00:00",237222235164,237,CM,GB,9,237222235164,237222235164,1,,Geographic,0,1,1
10545,"2022-06-22 00:00:00",266645,266,LS,TR,8,26664500000,26664509999,10000,"Econet Ezi-Cel Lesotho",Mobile,0,1,1
10546,"2022-06-22 00:00:00",917579435625,91,IN,GB,12,91757943562500,91757943562599,100,"Vodafone East Limited",Unallocated,0,1,1
10547,"2022-06-22 00:00:00",38111311,381,RS,TR,9,381113110000,381113119999,10000,"TELEKOM SRBIJA",Geographic,0,1,1
10548,"2022-06-22 00:00:00",99579031,995,GE,GB,9,995790310000,995790319999,10000,Magti,Mobile,0,1,1
10549,"2022-06-22 00:00:00",254643,254,KE,GB,9,254643000000,254643009999,10000,"Telkom Kenya",Geographic,0,1,1
10550,"2022-06-22 00:00:00",995574681054,995,GE,GB,9,995574681054,995574681054,1,Mobitel,Mobile,0,1,1
10551,"2022-06-22 00:00:00",3706327,370,LT,TR,8,37063270000,37063279999,10000,BIT,Mobile,0,1,1
10552,"2022-06-22 00:00:00",34634344661,34,ES,GB,9,34634344661,34634344661,1,"Carrier-E Mobile S.L. Unipersonal",Mobile,0,1,1
10553,"2022-06-22 00:00:00",2347080625000,234,NG,TR,10,2347080625000,2347080625000,1,Airtel,Mobile,0,1,1
10554,"2022-06-22 00:00:00",443339661010,44,GB,TR,10,443339661010,443339661010,1,"Sound Advertising Ltd",Unallocated,0,1,1
10555,"2022-06-22 00:00:00",23592774,235,TD,TR,8,23592774000,23592774999,1000,Millicom,Mobile,0,1,1
10556,"2022-06-22 00:00:00",49217332860,49,DE,GB,11,4921733286000,4921733286099,100,"NETCOLOGNE GmbH",Geographic,0,1,1
10557,"2022-06-22 00:00:00",34634330653,34,ES,GB,9,34634330653,34634330653,1,"Carrier-E Mobile S.L. Unipersonal",Mobile,0,1,1
10558,"2022-06-22 00:00:00",306982939675,30,GR,TR,10,306982939675,306982939675,1,"COSMOTE S.A",Mobile,0,1,1
10559,"2022-06-22 00:00:00",266641,266,LS,TR,8,26664100000,26664109999,10000,"Econet Ezi-Cel Lesotho",Mobile,0,1,1
10560,"2022-06-22 00:00:00",16075272736,1,US,GB,11,160752727360,160752727369,10,"ONVOY, LLC  NY",Unallocated,0,1,1
10561,"2022-06-22 00:00:00",919459264160,91,IN,GB,12,91945926416000,91945926416099,100,"Vodafone East Limited",Unallocated,0,1,1
10562,"2022-06-22 00:00:00",21651200,216,TN,TR,8,21651200000,21651200999,1000,"Orange Tunisie",Mobile,0,1,1
10563,"2022-06-22 00:00:00",254565,254,KE,GB,9,254565000000,254565009999,10000,"Telkom Kenya",Geographic,0,1,1
10564,"2022-06-22 00:00:00",447453326936,44,GB,GB,10,447453326936,447453326936,1,"Hutchison 3G UK Ltd",Mobile,0,1,1
10565,"2022-06-22 00:00:00",995790830,995,GE,GB,9,995790830000,995790830999,1000,Magti,Mobile,0,1,1
10566,"2022-06-22 00:00:00",9477171,94,LK,TR,10,947717100000,947717109999,10000,"Sri Lanka Telecom Ltd",Unallocated,0,1,1
10439,"2022-06-20 00:00:00",960773,960,MV,HU,10,9607730000000,9607730009999,10000,Dhiraagu,Unallocated,0,1,1
10440,"2022-06-20 00:00:00",355682604,355,AL,HU,8,35568260400,35568260499,100,"ALBtelecom Sh.a.(F)",Unallocated,0,1,1
10441,"2022-06-20 00:00:00",355685606,355,AL,HU,8,35568560600,35568560699,100,"ALBtelecom Sh.a.(F)",Unallocated,0,1,1
10442,"2022-06-20 00:00:00",2662281,266,LS,HU,8,26622810000,26622819999,10000,"Telecom Lesotho",Geographic,0,1,1
10443,"2022-06-20 00:00:00",960776,960,MV,HU,10,9607760000000,9607760009999,10000,Dhiraagu,Unallocated,0,1,1
10444,"2022-06-20 00:00:00",960774,960,MV,HU,10,9607740000000,9607740009999,10000,Dhiraagu,Unallocated,0,1,1
10445,"2022-06-20 00:00:00",960770,960,MV,HU,10,9607700000000,9607700009999,10000,Dhiraagu,Unallocated,0,1,1
10446,"2022-06-20 00:00:00",355684446,355,AL,HU,8,35568444600,35568444699,100,"ALBtelecom Sh.a.(F)",Unallocated,0,1,1
10447,"2022-06-20 00:00:00",355684506,355,AL,HU,8,35568450600,35568450699,100,"ALBtelecom Sh.a.(F)",Unallocated,0,1,1
10448,"2022-06-20 00:00:00",355688204,355,AL,HU,8,35568820400,35568820499,100,"ALBtelecom Sh.a.(F)",Unallocated,0,1,1
10449,"2022-06-20 00:00:00",960778,960,MV,HU,10,9607780000000,9607780009999,10000,Dhiraagu,Unallocated,0,1,1
10450,"2022-06-20 00:00:00",355684449,355,AL,HU,8,35568444900,35568444999,100,"ALBtelecom Sh.a.(F)",Unallocated,0,1,1
10451,"2022-06-20 00:00:00",355688202,355,AL,HU,8,35568820200,35568820299,100,"ALBtelecom Sh.a.(F)",Unallocated,0,1,1
10452,"2022-06-20 00:00:00",355682209,355,AL,HU,8,35568220900,35568220999,100,"ALBtelecom Sh.a.(F)",Unallocated,0,1,1
10453,"2022-06-20 00:00:00",447429781389,44,GB,GB,10,447429781389,447429781389,1,"Hutchison 3G UK Ltd",Mobile,0,1,1
10454,"2022-06-20 00:00:00",2662232,266,LS,HU,8,26622320000,26622329999,10000,,Geographic,0,1,1
10455,"2022-06-20 00:00:00",355683509,355,AL,HU,8,35568350900,35568350999,100,"ALBtelecom Sh.a.(F)",Unallocated,0,1,1
10456,"2022-06-20 00:00:00",26132745,261,MG,HU,9,261327450000,261327459999,10000,"Orange Madagascar",Mobile,0,1,1
10457,"2022-06-20 00:00:00",2662883,266,LS,HU,8,26628830000,26628839999,10000,,Geographic,0,1,1
10458,"2022-06-20 00:00:00",2662071,266,LS,HU,8,26620710000,26620719999,10000,,Geographic,0,1,1
10459,"2022-06-20 00:00:00",355683500,355,AL,HU,8,35568350000,35568350099,100,"ALBtelecom Sh.a.(F)",Unallocated,0,1,1
10460,"2022-06-20 00:00:00",355682020,355,AL,HU,8,35568202000,35568202099,100,"ALBtelecom Sh.a.(F)",Unallocated,0,1,1
10461,"2022-06-20 00:00:00",355684710,355,AL,HU,8,35568471000,35568471099,100,"ALBtelecom Sh.a.(F)",Unallocated,0,1,1
10462,"2022-06-20 00:00:00",960771,960,MV,HU,10,9607710000000,9607710009999,10000,Dhiraagu,Unallocated,0,1,1
10463,"2022-06-20 00:00:00",2662840,266,LS,HU,8,26628400000,26628409999,10000,,Geographic,0,1,1
10464,"2022-06-20 00:00:00",26132405,261,MG,HU,9,261324050000,261324059999,10000,"Orange Madagascar",Mobile,0,1,1
10465,"2022-06-20 00:00:00",355682607,355,AL,HU,8,35568260700,35568260799,100,"ALBtelecom Sh.a.(F)",Unallocated,0,1,1
10466,"2022-06-20 00:00:00",355684443,355,AL,HU,8,35568444300,35568444399,100,"ALBtelecom Sh.a.(F)",Unallocated,0,1,1
10467,"2022-06-20 00:00:00",355682026,355,AL,HU,8,35568202600,35568202699,100,"ALBtelecom Sh.a.(F)",Unallocated,0,1,1
10468,"2022-06-20 00:00:00",960775,960,MV,HU,10,9607750000000,9607750009999,10000,Dhiraagu,Unallocated,0,1,1
10469,"2022-06-20 00:00:00",355682159,355,AL,HU,8,35568215900,35568215999,100,"ALBtelecom Sh.a.(F)",Unallocated,0,1,1
10470,"2022-06-20 00:00:00",355682200,355,AL,HU,8,35568220000,35568220099,100,"ALBtelecom Sh.a.(F)",Unallocated,0,1,1
10471,"2022-06-20 00:00:00",355682029,355,AL,HU,8,35568202900,35568202999,100,"ALBtelecom Sh.a.(F)",Unallocated,0,1,1
10472,"2022-06-20 00:00:00",355684501,355,AL,HU,8,35568450100,35568450199,100,"ALBtelecom Sh.a.(F)",Unallocated,0,1,1
10473,"2022-06-20 00:00:00",355684509,355,AL,HU,8,35568450900,35568450999,100,"ALBtelecom Sh.a.(F)",Unallocated,0,1,1
10474,"2022-06-20 00:00:00",355682181,355,AL,HU,8,35568218100,35568218199,100,"ALBtelecom Sh.a.(F)",Unallocated,0,1,1
10475,"2022-06-20 00:00:00",355682956,355,AL,HU,8,35568295600,35568295699,100,"ALBtelecom Sh.a.(F)",Unallocated,0,1,1
10476,"2022-06-20 00:00:00",2662189,266,LS,HU,8,26621890000,26621899999,10000,,Geographic,0,1,1
10477,"2022-06-20 00:00:00",355685603,355,AL,HU,8,35568560300,35568560399,100,"ALBtelecom Sh.a.(F)",Unallocated,0,1,1
10478,"2022-06-20 00:00:00",2662284,266,LS,HU,8,26622840000,26622849999,10000,,Geographic,0,1,1
10479,"2022-06-20 00:00:00",355682204,355,AL,HU,8,35568220400,35568220499,100,"ALBtelecom Sh.a.(F)",Unallocated,0,1,1
10480,"2022-06-20 00:00:00",355684719,355,AL,HU,8,35568471900,35568471999,100,"ALBtelecom Sh.a.(F)",Unallocated,0,1,1
10481,"2022-06-20 00:00:00",355683503,355,AL,HU,8,35568350300,35568350399,100,"ALBtelecom Sh.a.(F)",Unallocated,0,1,1
10482,"2022-06-20 00:00:00",355684713,355,AL,HU,8,35568471300,35568471399,100,"ALBtelecom Sh.a.(F)",Unallocated,0,1,1
10483,"2022-06-20 00:00:00",355682180,355,AL,HU,8,35568218000,35568218099,100,"ALBtelecom Sh.a.(F)",Unallocated,0,1,1
10484,"2022-06-20 00:00:00",355682186,355,AL,HU,8,35568218600,35568218699,100,"ALBtelecom Sh.a.(F)",Unallocated,0,1,1
10485,"2022-06-20 00:00:00",355682152,355,AL,HU,8,35568215200,35568215299,100,"ALBtelecom Sh.a.(F)",Unallocated,0,1,1
10486,"2022-06-20 00:00:00",26120992,261,MG,HU,9,261209920000,261209929999,10000,,Unallocated,0,1,1
10487,"2022-06-20 00:00:00",26134189,261,MG,HU,9,261341890000,261341899999,10000,"Telma mobile",Mobile,0,1,1
10488,"2022-06-20 00:00:00",355688201,355,AL,HU,8,35568820100,35568820199,100,"ALBtelecom Sh.a.(F)",Unallocated,0,1,1
10489,"2022-06-20 00:00:00",355672850,355,AL,HU,8,35567285000,35567285099,100,"ALBtelecom Sh.a.(F)",Unallocated,0,1,1
10490,"2022-06-20 00:00:00",442082935665,44,GB,GB,10,442082935665,442082935665,1,BT,Geographic,0,1,1
10491,"2022-06-20 00:00:00",355682953,355,AL,HU,8,35568295300,35568295399,100,"ALBtelecom Sh.a.(F)",Unallocated,0,1,1
10492,"2022-06-20 00:00:00",355682022,355,AL,HU,8,35568202200,35568202299,100,"ALBtelecom Sh.a.(F)",Unallocated,0,1,1
10493,"2022-06-20 00:00:00",447516068375,44,GB,GB,10,447516068375,447516068375,1,"Telefonica UK Limited",Mobile,0,1,1
10494,"2022-06-20 00:00:00",355682954,355,AL,HU,8,35568295400,35568295499,100,"ALBtelecom Sh.a.(F)",Unallocated,0,1,1
10627,"2022-06-20 00:00:00",261324053,261,MG,HU,9,261324053000,261324053999,1000,"Orange Madagascar",Mobile,0,1,1
10628,"2022-06-20 00:00:00",355682607,355,AL,HU,8,35568260700,35568260799,100,"ALBtelecom Sh.a.(F)",Unallocated,0,1,1
10629,"2022-06-20 00:00:00",355684443,355,AL,HU,8,35568444300,35568444399,100,"ALBtelecom Sh.a.(F)",Unallocated,0,1,1
10630,"2022-06-20 00:00:00",355682026,355,AL,HU,8,35568202600,35568202699,100,"ALBtelecom Sh.a.(F)",Unallocated,0,1,1
10631,"2022-06-20 00:00:00",960775,960,MV,HU,10,9607750000000,9607750009999,10000,Dhiraagu,Unallocated,0,1,1
10632,"2022-06-20 00:00:00",355682159,355,AL,HU,8,35568215900,35568215999,100,"ALBtelecom Sh.a.(F)",Unallocated,0,1,1
10633,"2022-06-20 00:00:00",355682200,355,AL,HU,8,35568220000,35568220099,100,"ALBtelecom Sh.a.(F)",Unallocated,0,1,1
10634,"2022-06-20 00:00:00",355682029,355,AL,HU,8,35568202900,35568202999,100,"ALBtelecom Sh.a.(F)",Unallocated,0,1,1
10635,"2022-06-20 00:00:00",355684501,355,AL,HU,8,35568450100,35568450199,100,"ALBtelecom Sh.a.(F)",Unallocated,0,1,1
10636,"2022-06-20 00:00:00",355684509,355,AL,HU,8,35568450900,35568450999,100,"ALBtelecom Sh.a.(F)",Unallocated,0,1,1
10637,"2022-06-20 00:00:00",355682181,355,AL,HU,8,35568218100,35568218199,100,"ALBtelecom Sh.a.(F)",Unallocated,0,1,1
10638,"2022-06-20 00:00:00",355682956,355,AL,HU,8,35568295600,35568295699,100,"ALBtelecom Sh.a.(F)",Unallocated,0,1,1
10639,"2022-06-20 00:00:00",2662189,266,LS,HU,8,26621890000,26621899999,10000,"Telecom Lesotho",Geographic,0,1,1
10640,"2022-06-20 00:00:00",355685603,355,AL,HU,8,35568560300,35568560399,100,"ALBtelecom Sh.a.(F)",Unallocated,0,1,1
10641,"2022-06-20 00:00:00",2662284,266,LS,HU,8,26622840000,26622849999,10000,,Geographic,0,1,1
10642,"2022-06-20 00:00:00",355682204,355,AL,HU,8,35568220400,35568220499,100,"ALBtelecom Sh.a.(F)",Unallocated,0,1,1
10643,"2022-06-20 00:00:00",355684719,355,AL,HU,8,35568471900,35568471999,100,"ALBtelecom Sh.a.(F)",Unallocated,0,1,1
10644,"2022-06-20 00:00:00",355683503,355,AL,HU,8,35568350300,35568350399,100,"ALBtelecom Sh.a.(F)",Unallocated,0,1,1
10645,"2022-06-20 00:00:00",355684713,355,AL,HU,8,35568471300,35568471399,100,"ALBtelecom Sh.a.(F)",Unallocated,0,1,1
10646,"2022-06-20 00:00:00",355682180,355,AL,HU,8,35568218000,35568218099,100,"ALBtelecom Sh.a.(F)",Unallocated,0,1,1
10647,"2022-06-20 00:00:00",355682186,355,AL,HU,8,35568218600,35568218699,100,"ALBtelecom Sh.a.(F)",Unallocated,0,1,1
10648,"2022-06-20 00:00:00",355682152,355,AL,HU,8,35568215200,35568215299,100,"ALBtelecom Sh.a.(F)",Unallocated,0,1,1
10649,"2022-06-20 00:00:00",26120992,261,MG,HU,9,261209920000,261209929999,10000,,Unallocated,0,1,1
10650,"2022-06-20 00:00:00",26134189,261,MG,HU,9,261341890000,261341899999,10000,"Telma mobile",Mobile,0,1,1
10651,"2022-06-20 00:00:00",355688201,355,AL,HU,8,35568820100,35568820199,100,"ALBtelecom Sh.a.(F)",Unallocated,0,1,1
10652,"2022-06-20 00:00:00",355672850,355,AL,HU,8,35567285000,35567285099,100,"ALBtelecom Sh.a.(F)",Unallocated,0,1,1
10653,"2022-06-20 00:00:00",442083000000,44,GB,GB,10,442083000000,442083000000,1,BT,Geographic,0,1,1
10654,"2022-06-20 00:00:00",355682953,355,AL,HU,8,35568295300,35568295399,100,"ALBtelecom Sh.a.(F)",Unallocated,0,1,1
10655,"2022-06-20 00:00:00",355682022,355,AL,HU,8,35568202200,35568202299,100,"ALBtelecom Sh.a.(F)",Unallocated,0,1,1
10656,"2022-06-20 00:00:00",447516000000,44,GB,GB,10,447516000000,447516000000,1,"Telefonica UK Limited",Mobile,0,1,1
10657,"2022-06-20 00:00:00",355682954,355,AL,HU,8,35568295400,35568295499,100,"ALBtelecom Sh.a.(F)",Unallocated,0,1,1
10418,"2022-06-16 00:00:00",93700510,93,AF,TR,9,93700510000,93700510999,1000,AWCC,Mobile,0,1,1
10419,"2022-06-16 00:00:00",26661,266,LS,TR,8,26661000000,26661009999,10000,"Econet Ezi-Cel Lesotho",Mobile,0,1,1
10420,"2022-06-16 00:00:00",2666213,266,LS,TR,8,26662130000,26662139999,10000,"Econet Ezi-Cel Lesotho",Mobile,0,1,1
10421,"2022-06-16 00:00:00",676681,676,TO,TR,5,67668100,67668199,100,"Tonga Communications",Unallocated,0,1,1
10422,"2022-06-16 00:00:00",2666236,266,LS,TR,8,26662360000,26662369999,10000,"Econet Ezi-Cel Lesotho",Mobile,0,1,1
10423,"2022-06-16 00:00:00",266643,266,LS,TR,8,26664300000,26664309999,10000,"Econet Ezi-Cel Lesotho",Mobile,0,1,1
10424,"2022-06-16 00:00:00",2666232,266,LS,TR,8,26662320000,26662329999,10000,"Econet Ezi-Cel Lesotho",Mobile,0,1,1
10425,"2022-06-16 00:00:00",2666843,266,LS,TR,8,26668430000,26668439999,10000,"Econet Ezi-Cel Lesotho",Mobile,0,1,1
10426,"2022-06-16 00:00:00",291743,291,ER,TR,7,2917430000,2917439999,10000,EriTel,Mobile,0,1,1
10427,"2022-06-16 00:00:00",59170702,591,BO,TR,8,59170702000,59170702999,1000,COTEL,Mobile,0,1,1
10428,"2022-06-16 00:00:00",9779722356,977,NP,TR,8,97797223560,97797223569,10,"Spice Nepal Private Ltd",Geographic,0,1,1
10429,"2022-06-16 00:00:00",266640,266,LS,TR,8,26664000000,26664009999,10000,"Econet Ezi-Cel Lesotho",Mobile,0,1,1
10430,"2022-06-16 00:00:00",2666375,266,LS,TR,8,26663750000,26663759999,10000,"Econet Ezi-Cel Lesotho",Mobile,0,1,1
10431,"2022-06-16 00:00:00",447784276670,44,GB,GB,10,447784276670,447784276670,1,"Telefonica UK Limited",Mobile,0,1,1
10432,"2022-06-16 00:00:00",35321425,353,IE,TR,9,353214250000,353214259999,10000,Eircom,Geographic,0,1,1
10433,"2022-06-16 00:00:00",38066531,380,UA,GB,9,380665310000,380665319999,10000,"MTS Ukraine",Mobile,0,1,1
10434,"2022-06-16 00:00:00",26662321,266,LS,TR,8,26662321000,26662321999,1000,"Econet Ezi-Cel Lesotho",Mobile,0,1,1
10435,"2022-06-16 00:00:00",2666376,266,LS,TR,8,26663760000,26663769999,10000,"Econet Ezi-Cel Lesotho",Mobile,0,1,1
10436,"2022-06-16 00:00:00",26663750,266,LS,TR,8,26663750000,26663750999,1000,"Econet Ezi-Cel Lesotho",Mobile,0,1,1
10437,"2022-06-16 00:00:00",266655,266,LS,TR,8,26665500000,26665509999,10000,"Econet Ezi-Cel Lesotho",Mobile,0,1,1
10438,"2022-06-16 00:00:00",964780299,964,IQ,TR,10,9647802990000,9647802999999,10000,Zain,Mobile,0,1,1
10407,"2022-06-06 00:00:00",447881049299,44,GB,GB,10,447881049299,447881049299,1,"VODAFONE LIMITED",Mobile,0,1,1
10408,"2022-06-06 00:00:00",447979774371,44,GB,GB,10,447979774371,447979774371,1,"VODAFONE LIMITED",Mobile,0,1,1
10409,"2022-06-06 00:00:00",252333569,252,SO,GB,8,25233356900,25233356999,100,"Somtel International Telecommunications",Unallocated,0,1,1
10410,"2022-06-06 00:00:00",448455535162,44,GB,GB,10,448455535162,448455535162,1,"24 Seven Communications Ltd","Premium Rate",0,1,1
10411,"2022-06-06 00:00:00",18559613102,1,US,GB,11,185596131020,185596131029,10,,Unallocated,0,1,1
10412,"2022-06-06 00:00:00",306972804534,30,GR,GB,10,306972804534,306972804534,1,"COSMOTE S.A",Mobile,0,1,1
10413,"2022-06-06 00:00:00",211178920728,211,SS,GB,9,211178920728,211178920728,1,,Unallocated,0,1,1
10414,"2022-06-06 00:00:00",2111640049,211,SS,GB,9,211164004900,211164004999,100,,Unallocated,0,1,1
10415,"2022-06-06 00:00:00",27100195,27,ZA,GB,9,27100195000,27100195999,1000,"Telkom SA",Geographic,0,1,1
10416,"2022-06-06 00:00:00",14327885041,1,US,GB,11,143278850410,143278850419,10,"ONVOY, LLC - TX",Unallocated,0,1,1
10417,"2022-06-06 00:00:00",252333571,252,SO,GB,8,25233357100,25233357199,100,"Somtel International Telecommunications",Unallocated,0,1,1
10385,"2022-06-04 00:00:00",447479322293,44,GB,GB,10,447479322293,447479322293,1,"Hutchison 3G UK Ltd",Mobile,0,1,1
10386,"2022-06-04 00:00:00",8821621201,882,NULL,GB,1,8821621201,8821621201,1,,VOIP,0,1,1
10387,"2022-06-04 00:00:00",34902565040,34,ES,GB,9,34902565040,34902565040,1,"Contacta Serveis Avanats S.L.","Shared Cost",0,1,1
10388,"2022-06-04 00:00:00",441616721859,44,GB,GB,10,441616721859,441616721859,1,"Gamma Telecom Holdings Ltd",Geographic,0,1,1
10389,"2022-06-04 00:00:00",211178920,211,SS,GB,9,211178920000,211178920999,1000,,Unallocated,0,1,1
10390,"2022-06-04 00:00:00",989060882010,98,IR,GB,10,989060882010,989060882010,1,,Unallocated,0,1,1
10391,"2022-06-04 00:00:00",989060882014,98,IR,GB,10,989060882014,989060882014,1,,Unallocated,0,1,1
10392,"2022-06-04 00:00:00",989060882103,98,IR,GB,10,989060882103,989060882103,1,,Unallocated,0,1,1
10393,"2022-06-04 00:00:00",211162004978,211,SS,GB,9,211162004978,211162004978,1,,Unallocated,0,1,1
10394,"2022-06-04 00:00:00",390230321511,39,IT,GB,10,390230321511,390230321511,1,,Geographic,0,1,1
10395,"2022-06-04 00:00:00",49821602604,49,DE,GB,11,4982160260400,4982160260499,100,"Deutsche Telekom",Geographic,0,1,1
10396,"2022-06-04 00:00:00",35315625537,353,IE,GB,9,353156255370,353156255379,10,Eircom,Geographic,0,1,1
10397,"2022-06-04 00:00:00",243909393,243,CD,GB,9,243909393000,243909393999,1000,Africell,Mobile,0,1,1
10398,"2022-06-04 00:00:00",97798519,977,NP,GB,8,97798519000,97798519999,1000,"Nepal Telecom",Unallocated,0,1,1
10399,"2022-06-04 00:00:00",37441014,374,AM,GB,8,37441014000,37441014999,1000,Ucom,Mobile,0,1,1
10400,"2022-06-04 00:00:00",447437105919,44,GB,GB,10,447437105919,447437105919,1,"VODAFONE LIMITED",Mobile,0,1,1
10401,"2022-06-04 00:00:00",989060882005,98,IR,GB,10,989060882005,989060882005,1,,Unallocated,0,1,1
10402,"2022-06-04 00:00:00",96091934,960,MV,GB,10,9609193400000,9609193409999,10000,,Unallocated,0,1,1
10403,"2022-06-04 00:00:00",21116800619,211,SS,GB,9,211168006190,211168006199,10,,Unallocated,0,1,1
10404,"2022-06-04 00:00:00",14144201968,1,US,GB,11,141442019680,141442019689,10,"ONVOY, LLC  WI",Unallocated,0,1,1
10405,"2022-06-04 00:00:00",97798518,977,NP,GB,8,97798518000,97798518999,1000,"Nepal Telecom",Unallocated,0,1,1
10406,"2022-06-04 00:00:00",960912451,960,MV,GB,10,9609124510000,9609124519999,10000,,Unallocated,0,1,1
10344,"2022-05-30 00:00:00",3706966,370,LT,TR,8,37069660000,37069669999,10000,Omnitel,Mobile,0,1,1
10345,"2022-05-30 00:00:00",2222023,222,MR,TR,8,22220230000,22220239999,10000,Chinguitel,Mobile,0,1,1
10346,"2022-05-30 00:00:00",266689,266,LS,TR,8,26668900000,26668909999,10000,"Econet Ezi-Cel Lesotho",Mobile,0,1,1
10347,"2022-05-30 00:00:00",3706228,370,LT,TR,8,37062280000,37062289999,10000,Omnitel,Mobile,0,1,1
10348,"2022-05-30 00:00:00",359879410260,359,BG,TR,9,359879410260,359879410260,1,Vivacom,Mobile,0,1,1
10349,"2022-05-30 00:00:00",2236209,223,ML,TR,8,22362090000,22362099999,10000,"Malitel (Sotelma)",Mobile,0,1,1
10350,"2022-05-30 00:00:00",447427160680,44,GB,GB,10,447427160680,447427160680,1,"Hutchison 3G UK Ltd",Mobile,0,1,1
10351,"2022-05-30 00:00:00",447871950599,44,GB,GB,10,447871950599,447871950599,1,"Telefonica UK Limited",Mobile,0,1,1
10352,"2022-05-30 00:00:00",2169328,216,TN,TR,8,21693280000,21693289999,10000,"Tunisie Tlcom",Mobile,0,1,1
10353,"2022-05-30 00:00:00",3703728,370,LT,TR,8,37037280000,37037289999,10000,"Lietuvos Telekom",Geographic,0,1,1
10354,"2022-05-30 00:00:00",447990924903,44,GB,GB,10,447990924903,447990924903,1,"VODAFONE LIMITED",Mobile,0,1,1
10355,"2022-05-30 00:00:00",24992241,249,SD,TR,9,249922410000,249922419999,10000,"MTN Sudan",Mobile,0,1,1
10356,"2022-05-30 00:00:00",2499250,249,SD,TR,9,249925000000,249925009999,10000,"MTN Sudan",Mobile,0,1,1
10357,"2022-05-30 00:00:00",291756,291,ER,TR,7,2917560000,2917569999,10000,EriTel,Mobile,0,1,1
10358,"2022-05-30 00:00:00",266653,266,LS,TR,8,26665300000,26665309999,10000,"Econet Ezi-Cel Lesotho",Mobile,0,1,1
10359,"2022-05-30 00:00:00",447312254925,44,GB,GB,10,447312254925,447312254925,1,"Hutchison 3G UK Ltd",Mobile,0,1,1
10360,"2022-05-30 00:00:00",447881049299,44,GB,GB,10,447881049299,447881049299,1,"VODAFONE LIMITED",Mobile,0,1,1
10361,"2022-05-30 00:00:00",8818218,881,NULL,TR,1,8818218,8818218,1,"Iridium Communications Inc",Unallocated,0,1,1
10362,"2022-05-30 00:00:00",447553471157,44,GB,GB,10,447553471157,447553471157,1,"VODAFONE LIMITED",Mobile,0,1,1
10363,"2022-05-30 00:00:00",359894861974,359,BG,TR,9,359894861974,359894861974,1,Telenor,Mobile,0,1,1
10364,"2022-05-30 00:00:00",2169770,216,TN,TR,8,21697700000,21697709999,10000,"Tunisie Tlcom",Mobile,0,1,1
10365,"2022-05-30 00:00:00",2169795,216,TN,TR,8,21697950000,21697959999,10000,"Tunisie Tlcom",Mobile,0,1,1
10366,"2022-05-30 00:00:00",2164199,216,TN,TR,8,21641990000,21641999999,10000,"Tunisie Tlcom",Mobile,0,1,1
10367,"2022-05-30 00:00:00",23354002,233,GH,TR,9,233540020000,233540029999,10000,MTN,Mobile,0,1,1
10368,"2022-05-30 00:00:00",21366126,213,DZ,TR,9,213661260000,213661269999,10000,Mobilis,Mobile,0,1,1
10369,"2022-05-30 00:00:00",2165190,216,TN,TR,8,21651900000,21651909999,10000,"Orange Tunisie",Mobile,0,1,1
10370,"2022-05-30 00:00:00",2164475,216,TN,TR,8,21644750000,21644759999,10000,"Tunisie Tlcom",Mobile,0,1,1
10371,"2022-05-30 00:00:00",3706365,370,LT,TR,8,37063650000,37063659999,10000,BIT,Mobile,0,1,1
10372,"2022-05-30 00:00:00",97797214,977,NP,TR,8,97797214000,97797214999,1000,"Nepal Telecom",Geographic,0,1,1
10373,"2022-05-30 00:00:00",2499269,249,SD,TR,9,249926900000,249926909999,10000,"MTN Sudan",Mobile,0,1,1
10374,"2022-05-30 00:00:00",68718,687,NC,TR,6,687180000,687189999,10000,OPT,Unallocated,0,1,1
10375,"2022-05-30 00:00:00",2169879,216,TN,TR,8,21698790000,21698799999,10000,"Tunisie Tlcom",Mobile,0,1,1
10376,"2022-05-30 00:00:00",2499266,249,SD,TR,9,249926600000,249926609999,10000,"MTN Sudan",Mobile,0,1,1
10377,"2022-05-30 00:00:00",447979774371,44,GB,GB,10,447979774371,447979774371,1,"VODAFONE LIMITED",Mobile,0,1,1
10378,"2022-05-30 00:00:00",447394371378,44,GB,GB,10,447394371378,447394371378,1,"Telefonica UK Limited",Mobile,0,1,1
10379,"2022-05-30 00:00:00",3811120,381,RS,TR,9,381112000000,381112009999,10000,"TELEKOM SRBIJA",Geographic,0,1,1
10380,"2022-05-30 00:00:00",3811141,381,RS,TR,9,381114100000,381114109999,10000,"ORION TELEKOM",Geographic,0,1,1
10381,"2022-05-30 00:00:00",22362003,223,ML,TR,8,22362003000,22362003999,1000,"Malitel (Sotelma)",Mobile,0,1,1
10382,"2022-05-30 00:00:00",37065150,370,LT,TR,8,37065150000,37065150999,1000,BIT,Mobile,0,1,1
10383,"2022-05-30 00:00:00",2222923,222,MR,TR,8,22229230000,22229239999,10000,Chinguitel,Mobile,0,1,1
10384,"2022-05-30 00:00:00",2164054,216,TN,TR,8,21640540000,21640549999,10000,"Tunisie Tlcom",Mobile,0,1,1
10341,"2022-05-25 00:00:00",38080066,380,UA,GB,9,380800660000,380800669999,10000,Velton.Telecom,"Toll Free",0,1,1
10342,"2022-05-25 00:00:00",38067020,380,UA,GB,9,380670200000,380670209999,10000,Kyivstar,Mobile,0,1,1
10343,"2022-05-25 00:00:00",447308620235,44,GB,GB,10,447308620235,447308620235,1,"Hutchison 3G UK Ltd",Mobile,0,1,1
10333,"2022-05-13 00:00:00",50489179388,504,HN,GB,8,50489179388,50489179388,1,"Digicel Honduras",Mobile,0,1,1
10334,"2022-05-13 00:00:00",85228246500,852,HK,GB,8,85228246500,85228246500,1,NULL,Geographic,0,1,1
10335,"2022-05-13 00:00:00",50487597443,504,HN,GB,8,50487597443,50487597443,1,"Digicel Honduras",Mobile,0,1,1
10336,"2022-05-13 00:00:00",50499967845,504,HN,GB,8,50499967845,50499967845,1,"Celtel (Tigo)	",Mobile,0,1,1
10337,"2022-05-13 00:00:00",3577778,357,CY,TR,4,3577778,3577778,1,"Epic Ltd",Unallocated,0,1,1
10338,"2022-05-13 00:00:00",50498257557,504,HN,GB,8,50498257557,50498257557,1,"Celtel (Tigo)",Mobile,0,1,1
10339,"2022-05-13 00:00:00",50489101642,504,HN,GB,8,50489101642,50489101642,1,"Digicel Honduras",Mobile,0,1,1
10086,"2022-05-04 00:00:00",27676542308,27,ZA,GB,9,27676542308,27676542308,1,"Telkom Mobile",Mobile,0,1,1
10087,"2022-05-04 00:00:00",233204840921,233,GH,GB,9,233204840921,233204840921,1,"GT-Vodafone (Ghana)",Mobile,0,1,1
10088,"2022-05-04 00:00:00",27680370165,27,ZA,GB,9,27680370165,27680370165,1,,Mobile,0,1,1
10089,"2022-05-04 00:00:00",233205113879,233,GH,GB,9,233205113879,233205113879,1,"GT-Vodafone (Ghana)",Mobile,0,1,1
10090,"2022-05-04 00:00:00",27677083391,27,ZA,GB,9,27677083391,27677083391,1,"Telkom Mobile",Mobile,0,1,1
10091,"2022-05-04 00:00:00",27671351917,27,ZA,GB,9,27671351917,27671351917,1,"Telkom Mobile",Mobile,0,1,1
10092,"2022-05-04 00:00:00",27813741044,27,ZA,GB,9,27813741044,27813741044,1,"Telkom Mobile",Mobile,0,1,1
10093,"2022-05-04 00:00:00",448447577,44,GB,GB,10,448447577000,448447577999,1000,"24 Seven Communications Ltd","Premium Rate",0,1,1
10094,"2022-05-04 00:00:00",27683199471,27,ZA,GB,9,27683199471,27683199471,1,,Mobile,0,1,1
10095,"2022-05-04 00:00:00",233205114681,233,GH,GB,9,233205114681,233205114681,1,"GT-Vodafone (Ghana)",Mobile,0,1,1
10096,"2022-05-04 00:00:00",27118050228,27,ZA,GB,9,27118050228,27118050228,1,"Telkom SA",Geographic,0,1,1
10097,"2022-05-04 00:00:00",27681275471,27,ZA,GB,9,27681275471,27681275471,1,,Mobile,0,1,1
10098,"2022-05-04 00:00:00",27813735226,27,ZA,GB,9,27813735226,27813735226,1,"Telkom Mobile",Mobile,0,1,1
10099,"2022-05-04 00:00:00",233204812229,233,GH,GB,9,233204812229,233204812229,1,"GT-Vodafone (Ghana)",Mobile,0,1,1
10100,"2022-05-04 00:00:00",233204841151,233,GH,GB,9,233204841151,233204841151,1,"GT-Vodafone (Ghana)",Mobile,0,1,1
10101,"2022-05-04 00:00:00",27813580925,27,ZA,GB,9,27813580925,27813580925,1,"Telkom Mobile",Mobile,0,1,1
10102,"2022-05-04 00:00:00",27681219405,27,ZA,GB,9,27681219405,27681219405,1,,Mobile,0,1,1
10103,"2022-05-04 00:00:00",27676037051,27,ZA,GB,9,27676037051,27676037051,1,"Telkom Mobile",Mobile,0,1,1
10104,"2022-05-04 00:00:00",27695146301,27,ZA,GB,9,27695146301,27695146301,1,,Mobile,0,1,1
10105,"2022-05-04 00:00:00",233204818188,233,GH,GB,9,233204818188,233204818188,1,"GT-Vodafone (Ghana)",Mobile,0,1,1
10106,"2022-05-04 00:00:00",27676506516,27,ZA,GB,9,27676506516,27676506516,1,"Telkom Mobile",Mobile,0,1,1
10107,"2022-05-04 00:00:00",27681527052,27,ZA,GB,9,27681527052,27681527052,1,,Mobile,0,1,1
10108,"2022-05-04 00:00:00",27679401061,27,ZA,GB,9,27679401061,27679401061,1,,Mobile,0,1,1
10109,"2022-05-04 00:00:00",27670906375,27,ZA,GB,9,27670906375,27670906375,1,"Telkom Mobile",Mobile,0,1,1
10110,"2022-05-04 00:00:00",27695249894,27,ZA,GB,9,27695249894,27695249894,1,,Mobile,0,1,1
10111,"2022-05-04 00:00:00",27681386958,27,ZA,GB,9,27681386958,27681386958,1,,Mobile,0,1,1
10112,"2022-05-04 00:00:00",27695872879,27,ZA,GB,9,27695872879,27695872879,1,,Mobile,0,1,1
10113,"2022-05-04 00:00:00",27694093004,27,ZA,GB,9,27694093004,27694093004,1,,Mobile,0,1,1
10114,"2022-05-04 00:00:00",27813958890,27,ZA,GB,9,27813958890,27813958890,1,"Telkom Mobile",Mobile,0,1,1
10115,"2022-05-04 00:00:00",233204873043,233,GH,GB,9,233204873043,233204873043,1,"GT-Vodafone (Ghana)",Mobile,0,1,1
10116,"2022-05-04 00:00:00",27677457024,27,ZA,GB,9,27677457024,27677457024,1,"Telkom Mobile",Mobile,0,1,1
10117,"2022-05-04 00:00:00",233205153002,233,GH,GB,9,233205153002,233205153002,1,"GT-Vodafone (Ghana)",Mobile,0,1,1
10118,"2022-05-04 00:00:00",27685218123,27,ZA,GB,9,27685218123,27685218123,1,,Mobile,0,1,1
10119,"2022-05-04 00:00:00",27680595735,27,ZA,GB,9,27680595735,27680595735,1,,Mobile,0,1,1
10120,"2022-05-04 00:00:00",27672067456,27,ZA,GB,9,27672067456,27672067456,1,"Telkom Mobile",Mobile,0,1,1
10121,"2022-05-04 00:00:00",27684965658,27,ZA,GB,9,27684965658,27684965658,1,,Mobile,0,1,1
10122,"2022-05-04 00:00:00",27681745677,27,ZA,GB,9,27681745677,27681745677,1,,Mobile,0,1,1
10123,"2022-05-04 00:00:00",27691118847,27,ZA,GB,9,27691118847,27691118847,1,,Mobile,0,1,1
10124,"2022-05-04 00:00:00",27670189476,27,ZA,GB,9,27670189476,27670189476,1,"Telkom Mobile",Mobile,0,1,1
10125,"2022-05-04 00:00:00",27684133905,27,ZA,GB,9,27684133905,27684133905,1,,Mobile,0,1,1
10126,"2022-05-04 00:00:00",233204876069,233,GH,GB,9,233204876069,233204876069,1,"GT-Vodafone (Ghana)",Mobile,0,1,1
10127,"2022-05-04 00:00:00",233204826479,233,GH,GB,9,233204826479,233204826479,1,"GT-Vodafone (Ghana)",Mobile,0,1,1
10128,"2022-05-04 00:00:00",27815385944,27,ZA,GB,9,27815385944,27815385944,1,"Telkom Mobile",Mobile,0,1,1
10129,"2022-05-04 00:00:00",27679916606,27,ZA,GB,9,27679916606,27679916606,1,,Mobile,0,1,1
10130,"2022-05-04 00:00:00",27676295662,27,ZA,GB,9,27676295662,27676295662,1,"Telkom Mobile",Mobile,0,1,1
10131,"2022-05-04 00:00:00",233207070338,233,GH,GB,9,233207070338,233207070338,1,"GT-Vodafone (Ghana)",Mobile,0,1,1
10132,"2022-05-04 00:00:00",27685834446,27,ZA,GB,9,27685834446,27685834446,1,,Mobile,0,1,1
10133,"2022-05-04 00:00:00",233204871954,233,GH,GB,9,233204871954,233204871954,1,"GT-Vodafone (Ghana)",Mobile,0,1,1
10134,"2022-05-04 00:00:00",233204825670,233,GH,GB,9,233204825670,233204825670,1,"GT-Vodafone (Ghana)",Mobile,0,1,1
10135,"2022-05-04 00:00:00",233508277587,233,GH,GB,9,233508277587,233508277587,1,"GT-Vodafone (Ghana)",Mobile,0,1,1
10136,"2022-05-04 00:00:00",27678123897,27,ZA,GB,9,27678123897,27678123897,1,,Mobile,0,1,1
10137,"2022-05-04 00:00:00",233204808014,233,GH,GB,9,233204808014,233204808014,1,"GT-Vodafone (Ghana)",Mobile,0,1,1
10138,"2022-05-04 00:00:00",27812150242,27,ZA,GB,9,27812150242,27812150242,1,"Telkom Mobile",Mobile,0,1,1
10139,"2022-05-04 00:00:00",27658519502,27,ZA,GB,9,27658519502,27658519502,1,Telkom,Mobile,0,1,1
10140,"2022-05-04 00:00:00",27813845285,27,ZA,GB,9,27813845285,27813845285,1,"Telkom Mobile",Mobile,0,1,1
10141,"2022-05-04 00:00:00",27679006593,27,ZA,GB,9,27679006593,27679006593,1,,Mobile,0,1,1
10142,"2022-05-04 00:00:00",27614244070,27,ZA,GB,9,27614244070,27614244070,1,Telkom,Mobile,0,1,1
10143,"2022-05-04 00:00:00",4930333062,49,DE,GB,11,4930333062000,4930333062999,1000,"Telekom Deutschland GmbH",Geographic,0,1,1
10144,"2022-05-04 00:00:00",27676425230,27,ZA,GB,9,27676425230,27676425230,1,"Telkom Mobile",Mobile,0,1,1
10145,"2022-05-04 00:00:00",233204819501,233,GH,GB,9,233204819501,233204819501,1,"GT-Vodafone (Ghana)",Mobile,0,1,1
10146,"2022-05-04 00:00:00",448447572,44,GB,GB,10,448447572000,448447572999,1000,"24 Seven Communications Ltd","Premium Rate",0,1,1
10147,"2022-05-04 00:00:00",27671079352,27,ZA,GB,9,27671079352,27671079352,1,"Telkom Mobile",Mobile,0,1,1
10148,"2022-05-04 00:00:00",233204757762,233,GH,GB,9,233204757762,233204757762,1,"GT-Vodafone (Ghana)",Mobile,0,1,1
10149,"2022-05-04 00:00:00",27681595853,27,ZA,GB,9,27681595853,27681595853,1,,Mobile,0,1,1
10150,"2022-05-04 00:00:00",27671335280,27,ZA,GB,9,27671335280,27671335280,1,"Telkom Mobile",Mobile,0,1,1
10151,"2022-05-04 00:00:00",27659400534,27,ZA,GB,9,27659400534,27659400534,1,Telkom,Mobile,0,1,1
10152,"2022-05-04 00:00:00",27671962002,27,ZA,GB,9,27671962002,27671962002,1,"Telkom Mobile",Mobile,0,1,1
10153,"2022-05-04 00:00:00",27679320703,27,ZA,GB,9,27679320703,27679320703,1,,Mobile,0,1,1
10154,"2022-05-04 00:00:00",27676586013,27,ZA,GB,9,27676586013,27676586013,1,"Telkom Mobile",Mobile,0,1,1
10155,"2022-05-04 00:00:00",23235867,232,SL,GB,8,23235867000,23235867999,1000,"IPTEL  (SL)",Mobile,0,1,1
10156,"2022-05-04 00:00:00",27813871033,27,ZA,GB,9,27813871033,27813871033,1,"Telkom Mobile",Mobile,0,1,1
10157,"2022-05-04 00:00:00",27767770627,27,ZA,GB,9,27767770627,27767770627,1,Vodacom,Mobile,0,1,1
10158,"2022-05-04 00:00:00",27682619462,27,ZA,GB,9,27682619462,27682619462,1,,Mobile,0,1,1
10159,"2022-05-04 00:00:00",27671865879,27,ZA,GB,9,27671865879,27671865879,1,"Telkom Mobile",Mobile,0,1,1
10160,"2022-05-04 00:00:00",27691222275,27,ZA,GB,9,27691222275,27691222275,1,,Mobile,0,1,1
10161,"2022-05-04 00:00:00",27676069241,27,ZA,GB,9,27676069241,27676069241,1,"Telkom Mobile",Mobile,0,1,1
10162,"2022-05-04 00:00:00",233205114091,233,GH,GB,9,233205114091,233205114091,1,"GT-Vodafone (Ghana)",Mobile,0,1,1
10163,"2022-05-04 00:00:00",233204813729,233,GH,GB,9,233204813729,233204813729,1,"GT-Vodafone (Ghana)",Mobile,0,1,1
10164,"2022-05-04 00:00:00",233205114420,233,GH,GB,9,233205114420,233205114420,1,"GT-Vodafone (Ghana)",Mobile,0,1,1
10165,"2022-05-04 00:00:00",233204875808,233,GH,GB,9,233204875808,233204875808,1,"GT-Vodafone (Ghana)",Mobile,0,1,1
10166,"2022-05-04 00:00:00",27844812298,27,ZA,GB,9,27844812298,27844812298,1,"Cell C",Mobile,0,1,1
10167,"2022-05-04 00:00:00",448447575,44,GB,GB,10,448447575000,448447575999,1000,"24 Seven Communications Ltd","Premium Rate",0,1,1
10168,"2022-05-04 00:00:00",27658176449,27,ZA,GB,9,27658176449,27658176449,1,Telkom,Mobile,0,1,1
10169,"2022-05-04 00:00:00",27614354544,27,ZA,GB,9,27614354544,27614354544,1,Telkom,Mobile,0,1,1
10170,"2022-05-04 00:00:00",27694627647,27,ZA,GB,9,27694627647,27694627647,1,,Mobile,0,1,1
10171,"2022-05-04 00:00:00",27817167727,27,ZA,GB,9,27817167727,27817167727,1,"Telkom Mobile",Mobile,0,1,1
10172,"2022-05-04 00:00:00",27677465153,27,ZA,GB,9,27677465153,27677465153,1,"Telkom Mobile",Mobile,0,1,1
10173,"2022-05-04 00:00:00",233204824364,233,GH,GB,9,233204824364,233204824364,1,"GT-Vodafone (Ghana)",Mobile,0,1,1
10174,"2022-05-04 00:00:00",27814554281,27,ZA,GB,9,27814554281,27814554281,1,"Telkom Mobile",Mobile,0,1,1
10175,"2022-05-04 00:00:00",27684854069,27,ZA,GB,9,27684854069,27684854069,1,,Mobile,0,1,1
10176,"2022-05-04 00:00:00",27676037307,27,ZA,GB,9,27676037307,27676037307,1,"Telkom Mobile",Mobile,0,1,1
10177,"2022-05-04 00:00:00",233204804087,233,GH,GB,9,233204804087,233204804087,1,"GT-Vodafone (Ghana)",Mobile,0,1,1
10178,"2022-05-04 00:00:00",27658967554,27,ZA,GB,9,27658967554,27658967554,1,Telkom,Mobile,0,1,1
10179,"2022-05-04 00:00:00",233204817915,233,GH,GB,9,233204817915,233204817915,1,"GT-Vodafone (Ghana)",Mobile,0,1,1
10180,"2022-05-04 00:00:00",59171700,591,BO,GB,8,59171700000,59171700999,1000,COTEL,Mobile,0,1,1
10181,"2022-05-04 00:00:00",27814681622,27,ZA,GB,9,27814681622,27814681622,1,"Telkom Mobile",Mobile,0,1,1
10182,"2022-05-04 00:00:00",27681283336,27,ZA,GB,9,27681283336,27681283336,1,,Mobile,0,1,1
10183,"2022-05-04 00:00:00",27814991257,27,ZA,GB,9,27814991257,27814991257,1,"Telkom Mobile",Mobile,0,1,1
10184,"2022-05-04 00:00:00",27817223864,27,ZA,GB,9,27817223864,27817223864,1,"Telkom Mobile",Mobile,0,1,1
10185,"2022-05-04 00:00:00",27670344248,27,ZA,GB,9,27670344248,27670344248,1,"Telkom Mobile",Mobile,0,1,1
10186,"2022-05-04 00:00:00",27680839758,27,ZA,GB,9,27680839758,27680839758,1,,Mobile,0,1,1
10187,"2022-05-04 00:00:00",27813738945,27,ZA,GB,9,27813738945,27813738945,1,"Telkom Mobile",Mobile,0,1,1
10188,"2022-05-04 00:00:00",233204827462,233,GH,GB,9,233204827462,233204827462,1,"GT-Vodafone (Ghana)",Mobile,0,1,1
10189,"2022-05-04 00:00:00",27677152647,27,ZA,GB,9,27677152647,27677152647,1,"Telkom Mobile",Mobile,0,1,1
10190,"2022-05-04 00:00:00",59171933,591,BO,GB,8,59171933000,59171933999,1000,COTEL,Mobile,0,1,1
10191,"2022-05-04 00:00:00",27659894003,27,ZA,GB,9,27659894003,27659894003,1,Telkom,Mobile,0,1,1
10192,"2022-05-04 00:00:00",27670340195,27,ZA,GB,9,27670340195,27670340195,1,"Telkom Mobile",Mobile,0,1,1
10193,"2022-05-04 00:00:00",27815250435,27,ZA,GB,9,27815250435,27815250435,1,"Telkom Mobile",Mobile,0,1,1
10194,"2022-05-04 00:00:00",27814945884,27,ZA,GB,9,27814945884,27814945884,1,"Telkom Mobile",Mobile,0,1,1
10195,"2022-05-04 00:00:00",27672261536,27,ZA,GB,9,27672261536,27672261536,1,"Telkom Mobile",Mobile,0,1,1
10196,"2022-05-04 00:00:00",233204834708,233,GH,GB,9,233204834708,233204834708,1,"GT-Vodafone (Ghana)",Mobile,0,1,1
10197,"2022-05-04 00:00:00",27671559391,27,ZA,GB,9,27671559391,27671559391,1,"Telkom Mobile",Mobile,0,1,1
10198,"2022-05-04 00:00:00",233204803129,233,GH,GB,9,233204803129,233204803129,1,"GT-Vodafone (Ghana)",Mobile,0,1,1
10199,"2022-05-04 00:00:00",27682892015,27,ZA,GB,9,27682892015,27682892015,1,,Mobile,0,1,1
10200,"2022-05-04 00:00:00",27659470274,27,ZA,GB,9,27659470274,27659470274,1,Telkom,Mobile,0,1,1
10201,"2022-05-04 00:00:00",48323029400,48,PL,GB,9,48323029400,48323029400,1,"Orange Polska S.A.",Geographic,0,1,1
10202,"2022-05-04 00:00:00",27670831539,27,ZA,GB,9,27670831539,27670831539,1,"Telkom Mobile",Mobile,0,1,1
10203,"2022-05-04 00:00:00",27814757894,27,ZA,GB,9,27814757894,27814757894,1,"Telkom Mobile",Mobile,0,1,1
10204,"2022-05-04 00:00:00",27680967050,27,ZA,GB,9,27680967050,27680967050,1,,Mobile,0,1,1
10205,"2022-05-04 00:00:00",27685883548,27,ZA,GB,9,27685883548,27685883548,1,,Mobile,0,1,1
10206,"2022-05-04 00:00:00",27817991555,27,ZA,GB,9,27817991555,27817991555,1,"Telkom Mobile",Mobile,0,1,1
10207,"2022-05-04 00:00:00",27682871932,27,ZA,GB,9,27682871932,27682871932,1,,Mobile,0,1,1
10208,"2022-05-04 00:00:00",233205096153,233,GH,GB,9,233205096153,233205096153,1,"GT-Vodafone (Ghana)",Mobile,0,1,1
10209,"2022-05-04 00:00:00",27815559932,27,ZA,GB,9,27815559932,27815559932,1,"Telkom Mobile",Mobile,0,1,1
10210,"2022-05-04 00:00:00",233204757593,233,GH,GB,9,233204757593,233204757593,1,"GT-Vodafone (Ghana)",Mobile,0,1,1
10211,"2022-05-04 00:00:00",59171938,591,BO,GB,8,59171938000,59171938999,1000,COTEL,Mobile,0,1,1
10212,"2022-05-04 00:00:00",44247772,44,GB,GB,10,442477720000,442477729999,10000,"Core Telecom Limited",Geographic,0,1,1
10213,"2022-05-04 00:00:00",27680277162,27,ZA,GB,9,27680277162,27680277162,1,,Mobile,0,1,1
10214,"2022-05-04 00:00:00",27614041197,27,ZA,GB,9,27614041197,27614041197,1,Telkom,Mobile,0,1,1
10215,"2022-05-04 00:00:00",233204754490,233,GH,GB,9,233204754490,233204754490,1,"GT-Vodafone (Ghana)",Mobile,0,1,1
10216,"2022-05-04 00:00:00",27813855520,27,ZA,GB,9,27813855520,27813855520,1,"Telkom Mobile",Mobile,0,1,1
10217,"2022-05-04 00:00:00",27691441181,27,ZA,GB,9,27691441181,27691441181,1,,Mobile,0,1,1
10218,"2022-05-04 00:00:00",233204826477,233,GH,GB,9,233204826477,233204826477,1,"GT-Vodafone (Ghana)",Mobile,0,1,1
10219,"2022-05-04 00:00:00",27812540312,27,ZA,GB,9,27812540312,27812540312,1,"Telkom Mobile",Mobile,0,1,1
10220,"2022-05-04 00:00:00",27658917212,27,ZA,GB,9,27658917212,27658917212,1,Telkom,Mobile,0,1,1
10221,"2022-05-04 00:00:00",233509687416,233,GH,GB,9,233509687416,233509687416,1,"GT-Vodafone (Ghana)",Mobile,0,1,1
10222,"2022-05-04 00:00:00",59171072,591,BO,GB,8,59171072000,59171072999,1000,COTEL,Mobile,0,1,1
10223,"2022-05-04 00:00:00",27672056511,27,ZA,GB,9,27672056511,27672056511,1,"Telkom Mobile",Mobile,0,1,1
10224,"2022-05-04 00:00:00",27679151566,27,ZA,GB,9,27679151566,27679151566,1,,Mobile,0,1,1
10225,"2022-05-04 00:00:00",27691306657,27,ZA,GB,9,27691306657,27691306657,1,,Mobile,0,1,1
10226,"2022-05-04 00:00:00",27677812593,27,ZA,GB,9,27677812593,27677812593,1,"Telkom Mobile",Mobile,0,1,1
10227,"2022-05-04 00:00:00",27676308307,27,ZA,GB,9,27676308307,27676308307,1,"Telkom Mobile",Mobile,0,1,1
10228,"2022-05-04 00:00:00",233204808176,233,GH,GB,9,233204808176,233204808176,1,"GT-Vodafone (Ghana)",Mobile,0,1,1
10229,"2022-05-04 00:00:00",27676170938,27,ZA,GB,9,27676170938,27676170938,1,"Telkom Mobile",Mobile,0,1,1
10230,"2022-05-04 00:00:00",27683538850,27,ZA,GB,9,27683538850,27683538850,1,,Mobile,0,1,1
10231,"2022-05-04 00:00:00",27814368915,27,ZA,GB,9,27814368915,27814368915,1,"Telkom Mobile",Mobile,0,1,1
10232,"2022-05-04 00:00:00",27682080702,27,ZA,GB,9,27682080702,27682080702,1,,Mobile,0,1,1
10233,"2022-05-04 00:00:00",59171158,591,BO,GB,8,59171158000,59171158999,1000,COTEL,Mobile,0,1,1
10234,"2022-05-04 00:00:00",27817179521,27,ZA,GB,9,27817179521,27817179521,1,"Telkom Mobile",Mobile,0,1,1
10235,"2022-05-04 00:00:00",59172185,591,BO,GB,8,59172185000,59172185999,1000,COTEL,Mobile,0,1,1
10236,"2022-05-04 00:00:00",27678278782,27,ZA,GB,9,27678278782,27678278782,1,,Mobile,0,1,1
10237,"2022-05-04 00:00:00",233209220098,233,GH,GB,9,233209220098,233209220098,1,"GT-Vodafone (Ghana)",Mobile,0,1,1
10238,"2022-05-04 00:00:00",27676554027,27,ZA,GB,9,27676554027,27676554027,1,"Telkom Mobile",Mobile,0,1,1
10239,"2022-05-04 00:00:00",27683091554,27,ZA,GB,9,27683091554,27683091554,1,,Mobile,0,1,1
10240,"2022-05-04 00:00:00",27670529688,27,ZA,GB,9,27670529688,27670529688,1,"Telkom Mobile",Mobile,0,1,1
10241,"2022-05-04 00:00:00",233204868801,233,GH,GB,9,233204868801,233204868801,1,"GT-Vodafone (Ghana)",Mobile,0,1,1
10242,"2022-05-04 00:00:00",233204858474,233,GH,GB,9,233204858474,233204858474,1,"GT-Vodafone (Ghana)",Mobile,0,1,1
10243,"2022-05-04 00:00:00",27670600094,27,ZA,GB,9,27670600094,27670600094,1,"Telkom Mobile",Mobile,0,1,1
10244,"2022-05-04 00:00:00",233205151410,233,GH,GB,9,233205151410,233205151410,1,"GT-Vodafone (Ghana)",Mobile,0,1,1
10245,"2022-05-04 00:00:00",27671849635,27,ZA,GB,9,27671849635,27671849635,1,"Telkom Mobile",Mobile,0,1,1
10246,"2022-05-04 00:00:00",44283725,44,GB,GB,10,442837250000,442837259999,10000,"Core Telecom Limited",Geographic,0,1,1
10247,"2022-05-04 00:00:00",27683668335,27,ZA,GB,9,27683668335,27683668335,1,,Mobile,0,1,1
10248,"2022-05-04 00:00:00",441143646,44,GB,GB,10,441143646000,441143646999,1000,"ETC Telecom Ltd",Geographic,0,1,1
10249,"2022-05-04 00:00:00",27659781497,27,ZA,GB,9,27659781497,27659781497,1,Telkom,Mobile,0,1,1
10250,"2022-05-04 00:00:00",27658374386,27,ZA,GB,9,27658374386,27658374386,1,Telkom,Mobile,0,1,1
10251,"2022-05-04 00:00:00",27679659125,27,ZA,GB,9,27679659125,27679659125,1,,Mobile,0,1,1
10252,"2022-05-04 00:00:00",27681407378,27,ZA,GB,9,27681407378,27681407378,1,,Mobile,0,1,1
10253,"2022-05-04 00:00:00",27682390201,27,ZA,GB,9,27682390201,27682390201,1,,Mobile,0,1,1
10254,"2022-05-04 00:00:00",27670241482,27,ZA,GB,9,27670241482,27670241482,1,"Telkom Mobile",Mobile,0,1,1
10255,"2022-05-04 00:00:00",27692010180,27,ZA,GB,9,27692010180,27692010180,1,,Mobile,0,1,1
10256,"2022-05-04 00:00:00",27682725148,27,ZA,GB,9,27682725148,27682725148,1,,Mobile,0,1,1
10257,"2022-05-04 00:00:00",44284329,44,GB,GB,10,442843290000,442843299999,10000,"Core Telecom Limited",Geographic,0,1,1
10258,"2022-05-04 00:00:00",27683453645,27,ZA,GB,9,27683453645,27683453645,1,,Mobile,0,1,1
10259,"2022-05-04 00:00:00",233204825368,233,GH,GB,9,233204825368,233204825368,1,"GT-Vodafone (Ghana)",Mobile,0,1,1
10260,"2022-05-04 00:00:00",48943463808,48,PL,GB,9,48943463808,48943463808,1,"Orange Polska S.A.",Geographic,0,1,1
10261,"2022-05-04 00:00:00",27672073577,27,ZA,GB,9,27672073577,27672073577,1,"Telkom Mobile",Mobile,0,1,1
10262,"2022-05-04 00:00:00",27676016188,27,ZA,GB,9,27676016188,27676016188,1,"Telkom Mobile",Mobile,0,1,1
10263,"2022-05-04 00:00:00",27684971709,27,ZA,GB,9,27684971709,27684971709,1,,Mobile,0,1,1
10264,"2022-05-04 00:00:00",27677123827,27,ZA,GB,9,27677123827,27677123827,1,"Telkom Mobile",Mobile,0,1,1
10265,"2022-05-04 00:00:00",27681261752,27,ZA,GB,9,27681261752,27681261752,1,,Mobile,0,1,1
10266,"2022-05-04 00:00:00",27813695680,27,ZA,GB,9,27813695680,27813695680,1,"Telkom Mobile",Mobile,0,1,1
10267,"2022-05-04 00:00:00",27815190290,27,ZA,GB,9,27815190290,27815190290,1,"Telkom Mobile",Mobile,0,1,1
10268,"2022-05-04 00:00:00",27813919900,27,ZA,GB,9,27813919900,27813919900,1,"Telkom Mobile",Mobile,0,1,1
10269,"2022-05-04 00:00:00",27658307068,27,ZA,GB,9,27658307068,27658307068,1,Telkom,Mobile,0,1,1
10270,"2022-05-04 00:00:00",27814072410,27,ZA,GB,9,27814072410,27814072410,1,"Telkom Mobile",Mobile,0,1,1
10271,"2022-05-04 00:00:00",233204869442,233,GH,GB,9,233204869442,233204869442,1,"GT-Vodafone (Ghana)",Mobile,0,1,1
10272,"2022-05-04 00:00:00",233205150402,233,GH,GB,9,233205150402,233205150402,1,"GT-Vodafone (Ghana)",Mobile,0,1,1
10273,"2022-05-04 00:00:00",233204836037,233,GH,GB,9,233204836037,233204836037,1,"GT-Vodafone (Ghana)",Mobile,0,1,1
10274,"2022-05-04 00:00:00",27676685229,27,ZA,GB,9,27676685229,27676685229,1,"Telkom Mobile",Mobile,0,1,1
10275,"2022-05-04 00:00:00",27682700859,27,ZA,GB,9,27682700859,27682700859,1,,Mobile,0,1,1
10276,"2022-05-04 00:00:00",27679825143,27,ZA,GB,9,27679825143,27679825143,1,,Mobile,0,1,1
10277,"2022-05-04 00:00:00",233201560976,233,GH,GB,9,233201560976,233201560976,1,"GT-Vodafone (Ghana)",Mobile,0,1,1
10278,"2022-05-04 00:00:00",233204807808,233,GH,GB,9,233204807808,233204807808,1,"GT-Vodafone (Ghana)",Mobile,0,1,1
10279,"2022-05-04 00:00:00",27670001549,27,ZA,GB,9,27670001549,27670001549,1,"Telkom Mobile",Mobile,0,1,1
10280,"2022-05-04 00:00:00",27676028046,27,ZA,GB,9,27676028046,27676028046,1,"Telkom Mobile",Mobile,0,1,1
10281,"2022-05-04 00:00:00",27695083539,27,ZA,GB,9,27695083539,27695083539,1,,Mobile,0,1,1
10282,"2022-05-04 00:00:00",27681767860,27,ZA,GB,9,27681767860,27681767860,1,,Mobile,0,1,1
10283,"2022-05-04 00:00:00",233204822306,233,GH,GB,9,233204822306,233204822306,1,"GT-Vodafone (Ghana)",Mobile,0,1,1
10284,"2022-05-04 00:00:00",27677430657,27,ZA,GB,9,27677430657,27677430657,1,"Telkom Mobile",Mobile,0,1,1
10285,"2022-05-04 00:00:00",27671824140,27,ZA,GB,9,27671824140,27671824140,1,"Telkom Mobile",Mobile,0,1,1
10286,"2022-05-04 00:00:00",441215290,44,GB,GB,10,441215290000,441215290999,1000,"Core Telecom Limited",Geographic,0,1,1
10287,"2022-05-04 00:00:00",233204809248,233,GH,GB,9,233204809248,233204809248,1,"GT-Vodafone (Ghana)",Mobile,0,1,1
10288,"2022-05-04 00:00:00",27680645297,27,ZA,GB,9,27680645297,27680645297,1,,Mobile,0,1,1
10289,"2022-05-04 00:00:00",27681653189,27,ZA,GB,9,27681653189,27681653189,1,,Mobile,0,1,1
10290,"2022-05-04 00:00:00",27813132712,27,ZA,GB,9,27813132712,27813132712,1,"Telkom Mobile",Mobile,0,1,1
10291,"2022-05-04 00:00:00",233204805459,233,GH,GB,9,233204805459,233204805459,1,"GT-Vodafone (Ghana)",Mobile,0,1,1
10292,"2022-05-04 00:00:00",233204880645,233,GH,GB,9,233204880645,233204880645,1,"GT-Vodafone (Ghana)",Mobile,0,1,1
10293,"2022-05-04 00:00:00",27678233096,27,ZA,GB,9,27678233096,27678233096,1,,Mobile,0,1,1
10294,"2022-05-04 00:00:00",27812547092,27,ZA,GB,9,27812547092,27812547092,1,"Telkom Mobile",Mobile,0,1,1
10295,"2022-05-04 00:00:00",27695083657,27,ZA,GB,9,27695083657,27695083657,1,,Mobile,0,1,1
10296,"2022-05-04 00:00:00",213546922,213,DZ,GB,9,213546922000,213546922999,1000,,Unallocated,0,1,1
10297,"2022-05-04 00:00:00",233205149309,233,GH,GB,9,233205149309,233205149309,1,"GT-Vodafone (Ghana)",Mobile,0,1,1
10298,"2022-05-04 00:00:00",27685464966,27,ZA,GB,9,27685464966,27685464966,1,,Mobile,0,1,1
10299,"2022-05-04 00:00:00",27676467564,27,ZA,GB,9,27676467564,27676467564,1,"Telkom Mobile",Mobile,0,1,1
10300,"2022-05-04 00:00:00",233205157866,233,GH,GB,9,233205157866,233205157866,1,"GT-Vodafone (Ghana)",Mobile,0,1,1
10301,"2022-05-04 00:00:00",27658177980,27,ZA,GB,9,27658177980,27658177980,1,Telkom,Mobile,0,1,1
10302,"2022-05-04 00:00:00",27658170415,27,ZA,GB,9,27658170415,27658170415,1,Telkom,Mobile,0,1,1
10303,"2022-05-04 00:00:00",233205158314,233,GH,GB,9,233205158314,233205158314,1,"GT-Vodafone (Ghana)",Mobile,0,1,1
10304,"2022-05-04 00:00:00",27678497705,27,ZA,GB,9,27678497705,27678497705,1,,Mobile,0,1,1
10305,"2022-05-04 00:00:00",27691610473,27,ZA,GB,9,27691610473,27691610473,1,,Mobile,0,1,1
10306,"2022-05-04 00:00:00",27676303074,27,ZA,GB,9,27676303074,27676303074,1,"Telkom Mobile",Mobile,0,1,1
10307,"2022-05-04 00:00:00",27671468552,27,ZA,GB,9,27671468552,27671468552,1,"Telkom Mobile",Mobile,0,1,1
10308,"2022-05-04 00:00:00",27679741934,27,ZA,GB,9,27679741934,27679741934,1,,Mobile,0,1,1
10309,"2022-05-04 00:00:00",233204852914,233,GH,GB,9,233204852914,233204852914,1,"GT-Vodafone (Ghana)",Mobile,0,1,1
10310,"2022-05-04 00:00:00",27681737723,27,ZA,GB,9,27681737723,27681737723,1,,Mobile,0,1,1
10311,"2022-05-04 00:00:00",27671333361,27,ZA,GB,9,27671333361,27671333361,1,"Telkom Mobile",Mobile,0,1,1
10312,"2022-05-04 00:00:00",27679064414,27,ZA,GB,9,27679064414,27679064414,1,,Mobile,0,1,1
10313,"2022-05-04 00:00:00",233204808142,233,GH,GB,9,233204808142,233204808142,1,"GT-Vodafone (Ghana)",Mobile,0,1,1
10314,"2022-05-04 00:00:00",233204854031,233,GH,GB,9,233204854031,233204854031,1,"GT-Vodafone (Ghana)",Mobile,0,1,1
10315,"2022-05-04 00:00:00",27614951621,27,ZA,GB,9,27614951621,27614951621,1,Telkom,Mobile,0,1,1
10316,"2022-05-04 00:00:00",233205155769,233,GH,GB,9,233205155769,233205155769,1,"GT-Vodafone (Ghana)",Mobile,0,1,1
10317,"2022-05-04 00:00:00",233204862428,233,GH,GB,9,233204862428,233204862428,1,"GT-Vodafone (Ghana)",Mobile,0,1,1
10318,"2022-05-04 00:00:00",27679230184,27,ZA,GB,9,27679230184,27679230184,1,,Mobile,0,1,1
10319,"2022-05-04 00:00:00",233204878396,233,GH,GB,9,233204878396,233204878396,1,"GT-Vodafone (Ghana)",Mobile,0,1,1
10320,"2022-05-04 00:00:00",233205110607,233,GH,GB,9,233205110607,233205110607,1,"GT-Vodafone (Ghana)",Mobile,0,1,1
10321,"2022-05-04 00:00:00",27817680456,27,ZA,GB,9,27817680456,27817680456,1,"Telkom Mobile",Mobile,0,1,1
10322,"2022-05-04 00:00:00",233205149056,233,GH,GB,9,233205149056,233205149056,1,"GT-Vodafone (Ghana)",Mobile,0,1,1
10323,"2022-05-04 00:00:00",27683067239,27,ZA,GB,9,27683067239,27683067239,1,,Mobile,0,1,1
10324,"2022-05-04 00:00:00",27694940090,27,ZA,GB,9,27694940090,27694940090,1,,Mobile,0,1,1
10325,"2022-05-04 00:00:00",233204841993,233,GH,GB,9,233204841993,233204841993,1,"GT-Vodafone (Ghana)",Mobile,0,1,1
10326,"2022-05-04 00:00:00",27685028201,27,ZA,GB,9,27685028201,27685028201,1,,Mobile,0,1,1
10327,"2022-05-04 00:00:00",233205161277,233,GH,GB,9,233205161277,233205161277,1,"GT-Vodafone (Ghana)",Mobile,0,1,1
10328,"2022-05-04 00:00:00",355268602,355,AL,GB,8,35526860200,35526860299,100,"ALBtelecom Sh.a.(F)",Geographic,0,1,1
10329,"2022-05-04 00:00:00",27671897591,27,ZA,GB,9,27671897591,27671897591,1,"Telkom Mobile",Mobile,0,1,1
10330,"2022-05-04 00:00:00",233204799472,233,GH,GB,9,233204799472,233204799472,1,"GT-Vodafone (Ghana)",Mobile,0,1,1
10331,"2022-05-04 00:00:00",27813142543,27,ZA,GB,9,27813142543,27813142543,1,"Telkom Mobile",Mobile,0,1,1
10332,"2022-05-04 00:00:00",233204820242,233,GH,GB,9,233204820242,233204820242,1,"GT-Vodafone (Ghana)",Mobile,0,1,1
10058,"2022-05-03 00:00:00",27676163180,27,ZA,GB,9,27676163180,27676163180,1,"Telkom Mobile",Mobile,0,1,1
10059,"2022-05-03 00:00:00",27672058225,27,ZA,GB,9,27672058225,27672058225,1,"Telkom Mobile",Mobile,0,1,1
10060,"2022-05-03 00:00:00",27695358352,27,ZA,GB,9,27695358352,27695358352,1,,Mobile,0,1,1
10061,"2022-05-03 00:00:00",27676156629,27,ZA,GB,9,27676156629,27676156629,1,"Telkom Mobile",Mobile,0,1,1
10062,"2022-05-03 00:00:00",27676777083,27,ZA,GB,9,27676777083,27676777083,1,"Telkom Mobile",Mobile,0,1,1
10063,"2022-05-03 00:00:00",442830478,44,GB,GB,10,442830478000,442830478999,1000,"Core Telecom Limited",Geographic,0,1,1
10064,"2022-05-03 00:00:00",442477726,44,GB,GB,10,442477726000,442477726999,1000,"Core Telecom Limited",Geographic,0,1,1
10065,"2022-05-03 00:00:00",442837255,44,GB,GB,10,442837255000,442837255999,1000,"Core Telecom Limited",Geographic,0,1,1
10066,"2022-05-03 00:00:00",38044568,380,UA,GB,9,380445680000,380445689999,10000,Utel,Geographic,0,1,1
10067,"2022-05-03 00:00:00",442843297,44,GB,GB,10,442843297000,442843297999,1000,"Core Telecom Limited",Geographic,0,1,1
10068,"2022-05-03 00:00:00",27676038219,27,ZA,GB,9,27676038219,27676038219,1,"Telkom Mobile",Mobile,0,1,1
10069,"2022-05-03 00:00:00",27672949188,27,ZA,GB,9,27672949188,27672949188,1,"Telkom Mobile",Mobile,0,1,1
10070,"2022-05-03 00:00:00",27672898749,27,ZA,GB,9,27672898749,27672898749,1,"Telkom Mobile",Mobile,0,1,1
10071,"2022-05-03 00:00:00",25410,254,KE,GB,9,254100000000,254100009999,10000,"Airtel Networks Kenya Ltd",Mobile,0,1,1
10072,"2022-05-03 00:00:00",27676771436,27,ZA,GB,9,27676771436,27676771436,1,"Telkom Mobile",Mobile,0,1,1
10073,"2022-05-03 00:00:00",27676759517,27,ZA,GB,9,27676759517,27676759517,1,"Telkom Mobile",Mobile,0,1,1
10074,"2022-05-03 00:00:00",27676145882,27,ZA,GB,9,27676145882,27676145882,1,"Telkom Mobile",Mobile,0,1,1
10075,"2022-05-03 00:00:00",27672051776,27,ZA,GB,9,27672051776,27672051776,1,"Telkom Mobile",Mobile,0,1,1
10076,"2022-05-03 00:00:00",27817393618,27,ZA,GB,9,27817393618,27817393618,1,"Telkom Mobile",Mobile,0,1,1
10077,"2022-05-03 00:00:00",27676307604,27,ZA,GB,9,27676307604,27676307604,1,"Telkom Mobile",Mobile,0,1,1
10078,"2022-05-03 00:00:00",27676016650,27,ZA,GB,9,27676016650,27676016650,1,"Telkom Mobile",Mobile,0,1,1
10079,"2022-05-03 00:00:00",27682911980,27,ZA,GB,9,27682911980,27682911980,1,,Mobile,0,1,1
10080,"2022-05-03 00:00:00",27676316824,27,ZA,GB,9,27676316824,27676316824,1,"Telkom Mobile",Mobile,0,1,1
10081,"2022-05-03 00:00:00",27677090860,27,ZA,GB,9,27677090860,27677090860,1,"Telkom Mobile",Mobile,0,1,1
10082,"2022-05-03 00:00:00",27676005021,27,ZA,GB,9,27676005021,27676005021,1,"Telkom Mobile",Mobile,0,1,1
10083,"2022-05-03 00:00:00",21354,213,DZ,GB,9,213540000000,213540009999,10000,Ooredoo,Mobile,0,1,1
10084,"2022-05-03 00:00:00",27676783402,27,ZA,GB,9,27676783402,27676783402,1,"Telkom Mobile",Mobile,0,1,1
10085,"2022-05-03 00:00:00",27676003753,27,ZA,GB,9,27676003753,27676003753,1,"Telkom Mobile",Mobile,0,1,1
10033,"2022-04-27 00:00:00",23325747,233,GH,TR,9,233257470000,233257479999,10000,Airtel,Mobile,0,1,1
10034,"2022-04-27 00:00:00",26132049,261,MG,TR,9,261320490000,261320499999,10000,"Orange Madagascar",Mobile,0,1,1
10035,"2022-04-27 00:00:00",224685,224,GN,TR,8,22468500000,22468509999,10000,Areeba-Guine,Unallocated,0,1,1
10036,"2022-04-27 00:00:00",99292611,992,TJ,TR,9,992926110000,992926119999,10000,"JV SOMONCOM",Mobile,0,1,1
10037,"2022-04-27 00:00:00",22468352,224,GN,TR,8,22468352000,22468352999,1000,Areeba-Guine,Unallocated,0,1,1
10038,"2022-04-27 00:00:00",261326,261,MG,TR,9,261326000000,261326009999,10000,"Orange Madagascar",Mobile,0,1,1
10039,"2022-04-27 00:00:00",9477709,94,LK,HU,10,947770900000,947770909999,10000,"Sri Lanka Telecom Ltd",Unallocated,0,1,1
10040,"2022-04-27 00:00:00",447305724365,44,GB,TR,10,447305724365,447305724365,1,"Virgin Mobile Telecoms Limited",Mobile,0,1,1
10041,"2022-04-27 00:00:00",79259941,7,RU,TR,11,792599410000,792599419999,10000,"Altel  CDMA  Mobile network  (Dalacom)",Unallocated,0,1,1
10042,"2022-04-27 00:00:00",2613249,261,MG,TR,9,261324900000,261324909999,10000,"Orange Madagascar",Mobile,0,1,1
10043,"2022-04-27 00:00:00",2662889,266,LS,TR,8,26628890000,26628899999,10000,"Telecom Lesotho",Geographic,0,1,1
10044,"2022-04-27 00:00:00",2613279,261,MG,TR,9,261327900000,261327909999,10000,"Orange Madagascar",Mobile,0,1,1
10045,"2022-04-27 00:00:00",37069972,370,LT,TR,8,37069972000,37069972999,1000,BIT,Mobile,0,1,1
10046,"2022-04-27 00:00:00",3706508,370,LT,TR,8,37065080000,37065089999,10000,BIT,Mobile,0,1,1
10047,"2022-04-27 00:00:00",12675386201,1,US,TR,11,126753862010,126753862019,10,"COMCAST IP PHONE, LLC",Unallocated,0,1,1
10048,"2022-04-27 00:00:00",2165096,216,TN,TR,8,21650960000,21650969999,10000,"Orange Tunisie",Mobile,0,1,1
10049,"2022-04-27 00:00:00",38044535,380,UA,GB,9,380445350000,380445359999,10000,Utel,Geographic,0,1,1
10050,"2022-04-27 00:00:00",2165043,216,TN,TR,8,21650430000,21650439999,10000,"Orange Tunisie",Mobile,0,1,1
10051,"2022-04-27 00:00:00",2267021,226,BF,TR,8,22670210000,22670219999,10000,"Telemob (Onatel S.A.)",Mobile,0,1,1
10052,"2022-04-27 00:00:00",12158260900,1,US,TR,11,121582609000,121582609009,10,"VERIZON PENNSYLVANIA, INC.",Unallocated,0,1,1
10053,"2022-04-27 00:00:00",79317101,7,RU,TR,11,793171010000,793171019999,10000,"Altel  CDMA  Mobile network  (Dalacom)",Unallocated,0,1,1
10054,"2022-04-27 00:00:00",381114183,381,RS,TR,9,381114183000,381114183999,1000,"TELEKOM SRBIJA",Geographic,0,1,1
10055,"2022-04-27 00:00:00",2332489754,233,GH,TR,9,233248975400,233248975499,100,MTN,Mobile,0,1,1
10056,"2022-04-27 00:00:00",2165100,216,TN,TR,8,21651000000,21651009999,10000,"Orange Tunisie",Mobile,0,1,1
10057,"2022-04-27 00:00:00",2613244,261,MG,TR,9,261324400000,261324409999,10000,"Orange Madagascar",Mobile,0,1,1
52,"2022-04-04 00:00:00",393349474481,39,IT,GB,10,393349474481,393349474481,1,"Telecom Italia S.p.A.",Mobile,0,1,1
53,"2022-04-04 00:00:00",19858868721,1,US,GB,11,198588687210,198588687219,10,"BANDWIDTH.COM CLEC, LLC - LA",Unallocated,0,1,1
54,"2022-04-04 00:00:00",26077,260,ZM,GB,9,260770000000,260770009999,10000,"Airtel Zambia",Mobile,0,1,1
55,"2022-04-04 00:00:00",26097,260,ZM,GB,9,260970000000,260970009999,10000,CelTel,Mobile,0,1,1
56,"2022-04-04 00:00:00",554236212404,55,BR,GB,13,554236212404000,554236212404999,1000,OI,Unallocated,0,1,1
57,"2022-04-04 00:00:00",554232190404,55,BR,GB,13,554232190404000,554232190404999,1000,,Unallocated,0,1,1
58,"2022-04-04 00:00:00",554535730404,55,BR,GB,13,554535730404000,554535730404999,1000,,Unallocated,0,1,1
59,"2022-04-04 00:00:00",447507999109,44,GB,GB,10,447507999109,447507999109,1,"EE Limited ( TM)",Mobile,0,1,1
60,"2022-04-04 00:00:00",793,7,RU,GB,11,793000000000,793000009999,10000,"Altel  CDMA  Mobile network  (Dalacom)",Unallocated,0,1,1
61,"2022-04-04 00:00:00",447438823462,44,GB,GB,10,447438823462,447438823462,1,"Lycamobile UK Limited",Mobile,0,1,1
62,"2022-04-04 00:00:00",49359137440,49,DE,GB,11,4935913744000,4935913744099,100,"Deutsche Telekom",Geographic,0,1,1
63,"2022-04-04 00:00:00",390897632301,39,IT,GB,10,390897632301,390897632301,1,,Geographic,0,1,1
64,"2022-04-04 00:00:00",393792692478,39,IT,GB,10,393792692478,393792692478,1,"Vei S.p.A.",Mobile,0,1,1
65,"2022-04-04 00:00:00",9955972629,995,GE,GB,9,995597262900,995597262999,100,Mobitel,Mobile,0,1,1
66,"2022-04-04 00:00:00",67850951,678,VU,GB,7,6785095100,6785095199,100,Digicel,Mobile,0,1,1
67,"2022-04-04 00:00:00",917971001597,91,IN,GB,12,91797100159700,91797100159799,100,"Vodafone East Limited",Unallocated,0,1,1
68,"2022-04-04 00:00:00",799,7,RU,GB,11,799000000000,799000009999,10000,"Altel  CDMA  Mobile network  (Dalacom)",Unallocated,0,1,1
